Sample	Group
DRR515042	2001
DRR515043	2001
DRR515044	2001
ERR10508033	2002
ERR10508034	2002
ERR10508035	2002
ERR10508036	2002
ERR10508037	2003
ERR10508038	2003
ERR10508039	2003
ERR10508040	2003
ERR10508041	2004
ERR10508042	2004
ERR10508043	2004
ERR10508044	2004
ERR926166	2005
ERR926167	2005
ERR926168	2005
ERR926169	2005
ERR926170	2005
ERR926171	2005
ERR926172	2005
ERR926173	2005
ERR926174	2005
ERR926175	2005
ERR926176	2005
ERR926177	2005
ERR926178	2005
ERR926179	2005
ERR926180	2005
ERR926181	2005
ERR926182	2005
ERR926183	2005
ERR926184	2005
ERR926185	2005
ERR926186	2005
ERR926187	2005
ERR926188	2005
ERR926189	2005
ERR926190	2005
ERR926191	2005
ERR926192	2005
ERR971383	2005
ERR971384	2005
ERR971385	2005
ERR971386	2005
ERR971387	2005
ERR971388	2005
ERR1022493	182
ERR1022494	1002
ERR1022495	1002
ERR1022496	182
ERR12638548	2007
ERR12638549	2007
ERR12638550	2007
ERR12638551	2008
ERR12638552	2008
ERR12638553	2008
ERR12638554	2009
ERR12638555	2009
ERR12638556	2009
ERR1140762	2010
ERR1140763	2010
ERR1140764	2010
ERR1140765	2010
ERR1140766	2010
ERR1140767	2010
ERR1140768	2010
ERR1140769	2010
ERR1140770	2010
ERR1140771	2010
ERR1140772	2010
ERR1140773	2010
ERR1140774	2010
ERR1140775	2010
ERR1140776	2010
ERR1140777	2010
ERR1140778	2010
ERR1140779	2010
ERR1140780	2010
ERR1140781	2010
ERR1140782	2010
ERR1140783	2010
ERR1140784	2010
ERR1140785	2010
ERR1140786	2010
ERR1140787	2010
ERR1140788	2010
ERR1140789	2010
ERR1140790	2010
ERR1140791	2010
ERR1140792	2010
ERR1140793	2010
ERR1140794	2010
ERR1140795	2010
ERR1140796	2010
ERR1140797	2010
ERR1140798	2010
ERR1140799	2010
ERR1332451	184
ERR1332452	184
ERR1332453	183
ERR1332454	183
ERR1706682	1005
ERR1706683	1006
ERR1706685	1006
ERR1706686	1006
ERR1706687	1007
ERR1706689	1009
ERR1706690	1010
ERR1706691	1011
ERR1749111	1015
ERR1749123	1017
ERR1749133	188
ERR219199	2012
ERR219204	2013
ERR219196	2015
ERR219203	2016
ERR219194	2014
ERR219205	2012
ERR219198	2013
ERR219201	2014
ERR219195	2017
ERR1880934	1040
ERR1880935	1041
ERR1880936	1041
ERR1880937	1041
ERR1880938	1042
ERR1880939	1042
ERR1880940	1042
ERR1880941	1040
ERR1880942	1040
ERR1880943	1043
ERR1880944	1043
ERR1880945	1043
ERR1880946	1044
ERR1880948	1044
ERR2103718	1046
ERR2103719	1047
ERR2103720	1048
ERR2103721	1049
ERR2103722	1050
ERR2103723	1051
ERR2299749	2018
ERR2299750	2018
ERR2299751	2018
ERR2299752	2018
ERR2299753	2018
ERR2299754	2018
ERR2299755	6001
ERR2299756	6001
ERR2299757	6001
ERR2299758	6001
ERR2299759	6001
ERR2299760	6001
ERR262980	187
ERR262978	186
ERR262989	186
ERR262981	186
ERR262986	185
ERR262982	187
ERR262985	185
ERR262979	185
ERR262983	187
ERR274478	6003
ERR274479	6004
ERR2882379	2019
ERR2882380	2019
ERR2882381	2019
ERR2882382	2020
ERR2882383	2020
ERR2882384	2020
ERR2882433	2031
ERR2882434	2031
ERR2882435	2031
ERR2882436	2032
ERR2882437	2032
ERR2882438	2032
ERR3039920	2033
ERR3039921	2033
ERR3039922	2033
ERR3039924	2033
ERR3039925	2033
ERR3039926	2033
ERR3039927	2033
ERR3039928	2033
ERR3039929	2033
ERR3039931	2033
ERR3039932	2033
ERR3039933	2033
ERR3039934	2033
ERR3039935	2033
ERR3039936	2033
ERR3039937	2033
ERR3039938	2033
ERR3039939	2033
ERR3039940	2033
ERR3039941	2033
ERR3336945	2034
ERR3366366	190
ERR3366367	190
ERR3407098	2036
ERR3407099	2036
ERR3407100	2036
ERR3407101	2037
ERR3407102	2037
ERR3407103	2037
ERR3407104	2038
ERR3407105	2038
ERR3407106	2038
ERR3407107	2039
ERR3407108	2039
ERR3407109	2039
ERR3407110	2040
ERR3407111	2040
ERR3407112	2040
ERR3407113	2041
ERR3407114	2041
ERR3407115	2041
ERR3770569	191
ERR3770570	191
ERR3770571	191
ERR3770572	192
ERR3770573	192
ERR3770574	192
ERR3971466	2042
ERR3971467	2042
ERR3971468	2042
ERR3971475	2043
ERR3971476	2043
ERR3971477	2043
ERR459287	2044
ERR459294	2044
ERR4342072	2045
ERR4342073	2045
ERR4342074	2045
ERR4342075	2046
ERR4342076	2046
ERR4342077	2046
ERR560438	2047
ERR560439	2047
ERR560440	2047
ERR560441	2047
ERR560442	2047
ERR560443	2047
ERR560444	2047
ERR560445	2047
ERR560446	2047
ERR560447	2047
ERR560448	2047
ERR560449	2047
ERR560450	2047
ERR560451	2047
ERR6209574	2048
ERR6209575	2048
ERR738423	2051
ERR9735864	2052
ERR9735865	2052
ERR9735866	2053
ERR9735867	2053
ERR9735868	2054
ERR9735869	2054
ERR9735870	2055
ERR9735871	2055
ERR9735872	2056
ERR9735873	2056
ERR9735874	2056
ERR9735875	2057
ERR9735876	2057
ERR9735877	2057
ERR9735878	2058
ERR9735879	2058
ERR9735880	2059
ERR9735881	2059
ERR9735882	2060
ERR9735883	2060
ERR9735884	2060
ERR9735885	2061
ERR9735886	2061
ERR9735887	2061
ERR9735888	2062
ERR9735889	2062
ERR9735890	2062
ERR9794601	2063
ERR9794602	2063
ERR9794603	2063
ERR9794604	2064
ERR9794605	2064
ERR9794606	2064
ERR9794607	2065
ERR9794608	2065
ERR9794609	2065
ERR9794610	2066
ERR9794611	2066
ERR9794612	2066
ERR9794613	2067
ERR9794614	2067
ERR9794615	2067
ERR9794616	2068
ERR9794617	2068
ERR9794618	2068
ERR9794619	2069
ERR9794620	2069
ERR9794621	2069
ERR9794622	2070
ERR9794623	2070
ERR9794625	2071
ERR9794626	2071
ERR9794627	2071
ERR9794628	2071
ERR9794629	2072
ERR9794630	2072
ERR9794631	2072
ERR9794632	2073
ERR9794633	2073
ERR9794634	2073
ERR9794635	2074
ERR9794636	2074
ERR9794637	2074
ERR9794638	2075
ERR9794639	2075
ERR9794640	2075
ERR9794642	2076
ERR9794643	2076
ERR9794644	2076
ERR9794646	2077
ERR9794647	2077
ERR9794648	2077
ERR9794649	2078
ERR9794650	2078
ERR9794652	2079
ERR9794653	2079
ERR9794654	2079
ERR9794655	2079
ERR9794656	2079
ERR9794657	2080
ERR9794658	2080
ERR9794659	2080
ERR9794660	2081
ERR9794661	2081
ERR9794662	2081
ERR9794663	2081
ERR10370896	2082
ERR10370897	2082
ERR10370898	2082
ERR10370899	2083
ERR10370900	2083
ERR10370901	2083
ERR10370902	2084
ERR10370903	2084
ERR10370904	2084
ERR10370905	2085
ERR10370906	2085
ERR10370907	2085
ERR10370908	2086
ERR10370909	2086
ERR10370910	2086
ERR10370911	2087
ERR10370912	2087
ERR10370913	2087
ERR10469464	2088
ERR10469465	2089
ERR10469466	2090
ERR10469467	2089
ERR10469468	2091
ERR10469469	2090
ERR10469470	2092
ERR10469471	2089
ERR10469472	2091
ERR10469473	2090
ERR10469474	2092
ERR10469475	2091
SRR13627324	2093
SRR13627325	2093
SRR13627326	2093
SRR13627327	2094
SRR13627328	2094
SRR13627329	2094
SRR13642772	505
SRR13642773	505
SRR13642774	505
SRR13642775	506
SRR13642776	506
SRR13642777	506
SRR13642778	507
SRR13642779	507
SRR13642780	507
SRR13642781	508
SRR13642782	508
SRR13642783	508
SRR13642784	509
SRR13642785	509
SRR13642786	509
SRR13642787	510
SRR13642788	510
SRR13642789	510
SRR13642790	511
SRR13642791	511
SRR13642792	511
SRR13642793	512
SRR13642794	512
SRR13642795	512
SRR13642796	513
SRR13642797	513
SRR13642798	513
SRR13673711	514
SRR13673712	514
SRR13673713	514
SRR13673714	515
SRR13673715	515
SRR13673716	515
SRR13673717	516
SRR13673718	516
SRR13673719	516
SRR13673720	517
SRR13673721	517
SRR13673722	517
SRR13673723	518
SRR13673724	518
SRR13673725	518
SRR13673726	519
SRR13673727	519
SRR13673728	519
SRR13673729	520
SRR13673730	520
SRR13673731	520
SRR13673732	521
SRR13673733	521
SRR13673734	521
SRR13678082	523
SRR13678083	523
SRR13678084	523
SRR13678085	524
SRR13678086	524
SRR13678087	524
SRR13678088	525
SRR13678089	525
SRR13678090	525
SRR13678091	526
SRR13678092	526
SRR13678093	526
SRR13678094	527
SRR13678095	527
SRR13678096	527
SRR13678097	528
SRR13678098	528
SRR13678099	528
SRR13678100	529
SRR13678101	529
SRR13678102	529
SRR13678103	530
SRR13678104	530
SRR13678105	530
SRR13678106	531
SRR13678107	531
SRR13678108	531
SRR13687743	532
SRR13687744	532
SRR13687745	532
SRR13687746	533
SRR13687747	533
SRR13687748	533
SRR13687749	534
SRR13687750	534
SRR13687751	534
SRR13687752	535
SRR13687753	535
SRR13687754	535
SRR13687755	536
SRR13687756	536
SRR13687757	536
SRR13687758	537
SRR13687759	537
SRR13687760	537
SRR13687761	538
SRR13687762	538
SRR13687763	538
SRR13687764	539
SRR13687765	539
SRR13687766	539
SRR13687767	540
SRR13687768	540
SRR13687769	540
SRR13696770	541
SRR13696771	542
SRR13696772	542
SRR13696773	542
SRR13696774	543
SRR13696775	543
SRR13696776	543
SRR13696777	544
SRR13696778	544
SRR13696779	544
SRR13696780	545
SRR13696781	545
SRR13696782	545
SRR13696783	546
SRR13696784	546
SRR13696785	546
SRR13696768	541
SRR13696769	541
SRR13718657	2096
SRR13718658	2097
SRR13718659	2097
SRR13718660	2097
SRR13718661	2098
SRR13718662	2098
SRR13718663	2098
SRR13718664	2099
SRR13718665	2099
SRR13718666	2099
SRR13718667	2100
SRR13718668	2100
SRR13718669	2100
SRR13718670	2101
SRR13718671	2101
SRR13718672	2101
SRR13718673	2102
SRR13718674	2102
SRR13718675	2102
SRR13718676	2103
SRR13718677	2103
SRR13718678	2103
SRR13718655	2104
SRR13718656	2104
SRR13718695	2105
SRR13718696	2105
SRR13718697	2105
SRR13718698	2105
SRR13718699	2106
SRR13718700	2106
SRR13718701	2106
SRR13718702	2106
SRR13718703	2107
SRR13718704	2107
SRR13718705	2107
SRR13718706	2107
SRR13718707	2108
SRR13718708	2108
SRR13718709	2108
SRR13718710	2108
SRR2000332	2109
SRR2000333	2110
SRR2000334	2111
SRR2000335	2112
SRR2000336	2113
SRR2000337	2109
SRR2000338	2110
SRR2000339	2111
SRR2000340	2112
SRR2000341	2113
SRR2000342	2109
SRR2000343	2110
SRR2000344	2111
SRR2000345	2112
SRR2000346	2113
SRR13889862	2114
SRR13889863	2114
SRR13889864	2114
SRR13889865	2115
SRR13889866	2115
SRR13889867	2115
SRR13889868	2115
SRR13889869	2116
SRR13889870	2116
SRR13889871	2116
SRR13889872	2116
SRR13899311	2117
SRR13899312	2117
SRR13899313	2117
SRR13899314	2118
SRR13899315	2118
SRR13899316	2118
SRR13927593	2119
SRR13927594	2119
SRR13927595	2119
SRR13927596	2120
SRR13927597	2120
SRR13927598	2120
SRR13927599	2121
SRR13927600	2121
SRR13927601	2121
SRR13927602	2122
SRR13927603	2122
SRR13927604	2122
SRR13927605	2123
SRR13927606	2123
SRR13927607	2123
SRR14085882	2124
SRR14085865	2141
SRR14138176	2154
SRR14138175	2154
SRR14138174	2155
SRR14138173	2155
SRR14138172	2156
SRR14138171	2156
SRR14138170	2156
SRR14138169	2157
SRR14138168	2157
SRR14138167	2157
SRR14138166	2158
SRR14138165	2158
SRR14138164	2154
SRR14138163	2158
SRR14138162	2159
SRR14138161	2159
SRR14138160	2159
SRR14138159	2160
SRR14138158	2160
SRR14138157	2160
SRR14138156	2161
SRR14138155	2161
SRR14138154	2161
SRR14138153	2155
SRR14196864	2156
SRR14196865	2156
SRR14196866	2157
SRR14196867	2157
SRR14196868	2158
SRR14196869	2158
SRR14196870	2159
SRR14196871	2159
SRR14196872	2160
SRR14196873	2160
SRR14196874	2161
SRR14196875	2161
SRR14236687	2162
SRR14236688	2163
SRR14236689	2164
SRR14236690	2165
SRR14236691	2162
SRR14236692	2163
SRR14236693	2164
SRR14236694	2165
SRR14236695	2162
SRR14236696	2163
SRR14236697	2164
SRR14236698	2165
SRR14311211	2166
SRR14311212	2166
SRR14311213	2167
SRR14311214	2167
SRR14311215	2168
SRR14311216	2168
SRR2078940	6006
SRR2078941	6006
SRR2078942	6006
SRR2078943	6007
SRR2078944	6007
SRR2078945	6007
SRR14424860	2170
SRR14424859	2170
SRR14424858	2170
SRR14424857	2170
SRR14460704	2171
SRR14460703	2171
SRR14460702	2171
SRR14460701	2172
SRR14460700	2172
SRR14460699	2172
SRR14563271	2173
SRR14563272	2174
SRR14563273	2175
SRR14563274	2173
SRR14563275	2174
SRR14563276	2175
SRR14563277	2173
SRR14563278	2174
SRR14563279	2175
SRR2096257	209
SRR2096258	209
SRR2096259	208
SRR2096260	208
SRR2106325	2176
SRR2106326	2176
SRR2106331	2177
SRR2106332	2177
SRR2106337	2178
SRR2106338	2178
SRR2106339	2179
SRR2106340	2179
SRR14690790	432
SRR14690791	432
SRR14690792	432
SRR14690793	433
SRR14690794	433
SRR14690795	433
SRR14690796	431
SRR14690797	431
SRR14690798	431
SRR14690799	436
SRR14690800	436
SRR14690801	436
SRR14690802	435
SRR14690803	435
SRR14690804	435
SRR14690805	434
SRR14690806	434
SRR14690807	434
SRR14690808	437
SRR14690809	437
SRR14690810	437
SRR14829725	2188
SRR14829723	2188
SRR14829721	2189
SRR14829720	2189
SRR15051106	2190
SRR15051107	2190
SRR15051108	2191
SRR15051109	2191
SRR15051110	2192
SRR15051111	2192
SRR15051112	2193
SRR15051113	2193
SRR15108224	2194
SRR15108225	2194
SRR15108226	2194
SRR15108227	2195
SRR15108228	2195
SRR15108229	2195
SRR15108230	2196
SRR15108231	2196
SRR15108232	2196
SRR15108233	2197
SRR15108234	2197
SRR15108235	2197
SRR15144508	2198
SRR15144507	2199
SRR15144506	2200
SRR15144505	2201
SRR15144504	2202
SRR15144476	2203
SRR15144475	2204
SRR15144474	2205
SRR15144473	2206
SRR15147206	2207
SRR15147207	2207
SRR15147208	2208
SRR15147209	2208
SRR15147210	2209
SRR15147211	2209
SRR15147212	2210
SRR15147213	2210
SRR15202781	2211
SRR15202782	2211
SRR15202783	2211
SRR15202784	2212
SRR15202785	2212
SRR15202786	2212
SRR15202787	2213
SRR15202788	2213
SRR15202789	2213
SRR15202790	2214
SRR15202791	2214
SRR15202792	2214
SRR15202793	2215
SRR15202794	2215
SRR15202795	2215
SRR15202796	2216
SRR15202797	2216
SRR15202798	2216
SRR15202799	2217
SRR15202800	2217
SRR15202801	2217
SRR15202802	2218
SRR15202803	2218
SRR15202804	2218
SRR15202805	2219
SRR15202806	2219
SRR15202807	2219
SRR15217144	2220
SRR15217145	2220
SRR15217146	2221
SRR15217147	2221
SRR15217148	2221
SRR15217151	2223
SRR15217152	2223
SRR15217153	2223
SRR15217154	2224
SRR15217155	2224
SRR15217156	2224
SRR15566613	2225
SRR15566614	2225
SRR15566615	2225
SRR15566616	2226
SRR15566617	2226
SRR15566618	2226
SRR15647684	2227
SRR15647683	2227
SRR15647682	2227
SRR15647681	2228
SRR15647680	2228
SRR15647679	2228
SRR15724922	2229
SRR15724923	2229
SRR15724924	2230
SRR15724925	2230
SRR15988332	2231
SRR15988331	2232
SRR15988330	2233
SRR15988329	2234
SRR16328456	2235
SRR16328457	2235
SRR16328458	2235
SRR16328459	2236
SRR16328460	2236
SRR16574977	2237
SRR16574976	2237
SRR16574975	2238
SRR16574974	2238
SRR16574973	2237
SRR16574972	2239
SRR16574971	2239
SRR16574970	2239
SRR16574969	2240
SRR16574968	2240
SRR16574967	2240
SRR16574966	2238
SRR2976660	2244
SRR2976664	2247
SRR2976665	2248
SRR16992553	2250
SRR16992552	2250
SRR16992550	2251
SRR16992549	2251
SRR16992548	2251
SRR16992551	2252
SRR16992547	2252
SRR16992546	2252
SRR16992538	2251
SRR17130560	2252
SRR17130559	2252
SRR17130558	2253
SRR17130557	2253
SRR17130556	2254
SRR17130555	2254
SRR17130554	2254
SRR17130553	2255
SRR17130552	2255
SRR17130551	2255
SRR17130550	2256
SRR17130549	2256
SRR17130548	2252
SRR17130547	2256
SRR17130546	2257
SRR17130545	2257
SRR17130544	2257
SRR17130543	2258
SRR17130542	2258
SRR17130541	2259
SRR17130540	2260
SRR17130539	2260
SRR17130538	2260
SRR17130537	2253
SRR17167543	2261
SRR17167549	2267
SRR17167550	2268
SRR17167551	2269
SRR17167552	2270
SRR17167553	2271
SRR17167554	2272
SRR17167555	2273
SRR17167556	2274
SRR17167557	2275
SRR17167559	2277
SRR17227596	2278
SRR17227595	2278
SRR17227594	2279
SRR17227593	2279
SRR17227592	2280
SRR17227591	2280
SRR17227590	2281
SRR17227589	2281
SRR17227588	2282
SRR17227587	2282
SRR17227586	2283
SRR17227585	2283
SRR17227584	2284
SRR17227583	2284
SRR17227582	2285
SRR17227581	2285
SRR2776870	211
SRR2776871	211
SRR2776872	210
SRR2776873	210
SRR17578859	2288
SRR17578858	2288
SRR17578857	2288
SRR17578855	2288
SRR17578854	2288
SRR17658680	2289
SRR17658679	2289
SRR17658678	2289
SRR17658677	2290
SRR17658676	2290
SRR17658675	2290
SRR17717774	2291
SRR17717773	2291
SRR17717772	2292
SRR17717771	2292
SRR17717770	2293
SRR17717769	2293
SRR17717768	2294
SRR17717767	2294
SRR17717766	2295
SRR17717765	2295
SRR17717764	2296
SRR17717763	2296
SRR17730392	2299
SRR17730391	2300
SRR17730390	2301
SRR17730389	2302
SRR17730388	2303
SRR17730387	2304
SRR17730381	2306
SRR17730380	2307
SRR17858733	2310
SRR17858730	2311
SRR17858728	2311
SRR17858727	2312
SRR17858726	2312
SRR17858725	2312
SRR17858724	2313
SRR17858723	2313
SRR17858718	2314
SRR17858717	2315
SRR17858716	2315
SRR17858715	2315
SRR17858710	2317
SRR17858709	2317
SRR17858708	2318
SRR17858707	2318
SRR17858706	2318
SRR17858704	2319
SRR17858702	2320
SRR17858701	2320
SRR17858700	2320
SRR17858699	2321
SRR17858698	2321
SRR17858697	2321
SRR17858696	2322
SRR17858694	2323
SRR17858693	2323
SRR17858692	2323
SRR17858688	2325
SRR17858687	2325
SRR17858686	2325
SRR17858685	2326
SRR17858684	2326
SRR17858682	2327
SRR17858681	2327
SRR17858680	2327
SRR17858679	2328
SRR17858677	2328
SRR17858673	2319
SRR17858667	2313
SRR17858666	2313
SRR18042670	2336
SRR18042669	2336
SRR18042668	2336
SRR18042667	2337
SRR18042666	2337
SRR18042665	2337
SRR18042664	2338
SRR18042663	2338
SRR18042662	2338
SRR18042661	2339
SRR18042660	2339
SRR18042659	2339
SRR18042658	2340
SRR18042657	2340
SRR18042656	2340
SRR18042655	2341
SRR18042654	2341
SRR18042653	2342
SRR18042652	2342
SRR18042651	2343
SRR18042650	2343
SRR18048330	2344
SRR18048329	2344
SRR18048328	2345
SRR18048327	2345
SRR18048326	2346
SRR18048325	2346
SRR18048324	2347
SRR18048323	2347
SRR18048322	2348
SRR18048321	2348
SRR18048320	2349
SRR18048319	2349
SRR18190591	2350
SRR18190590	2350
SRR18190589	2351
SRR18190588	2351
SRR18190587	2352
SRR18190586	2352
SRR18190585	2353
SRR18190584	2353
SRR18190583	2354
SRR18190582	2354
SRR18363034	2376
SRR18363033	2376
SRR18363032	2377
SRR18363031	2377
SRR18363030	2378
SRR18363029	2378
SRR18363028	2379
SRR18363027	2379
SRR18363042	2380
SRR18363041	2380
SRR18363040	2381
SRR18363039	2381
SRR18363038	2382
SRR18363037	2382
SRR18363036	2383
SRR18363035	2383
SRR18363074	2384
SRR18363073	2384
SRR18363072	2385
SRR18363071	2385
SRR18363070	2386
SRR18363069	2386
SRR18363068	2387
SRR18363067	2387
SRR18363066	2389
SRR18363065	2389
SRR18363064	2390
SRR18363063	2390
SRR18363062	2391
SRR18363061	2391
SRR18363060	2392
SRR18363059	2392
SRR18363589	2393
SRR18363588	2393
SRR18363587	2394
SRR18363586	2394
SRR18363585	2395
SRR18363584	2395
SRR18363583	2396
SRR18363582	2396
SRR18455932	2397
SRR18455931	2397
SRR18455930	2398
SRR18455929	2398
SRR18455928	2399
SRR18455927	2399
SRR18455924	2401
SRR18455923	2401
SRR18495829	2409
SRR18495827	2410
SRR18495826	2410
SRR18933292	2412
SRR18933291	2412
SRR18933290	2412
SRR18933289	2413
SRR18933288	2413
SRR18933287	2413
SRR18961412	2414
SRR18961411	2414
SRR18961410	2415
SRR18961409	2415
SRR18961408	2416
SRR18961407	2416
SRR18961406	2416
SRR18961405	2417
SRR18961404	2417
SRR18961403	2417
SRR18961402	2414
SRR18961401	2418
SRR18961400	2418
SRR18961399	2418
SRR18961398	2419
SRR18961397	2419
SRR18961396	2419
SRR18961395	2415
SRR3086937	2420
SRR3086938	2420
SRR3086939	2421
SRR3086940	2421
SRR3086941	2422
SRR3086942	2422
SRR3086943	2423
SRR3086944	2423
SRR3086945	2424
SRR3086946	2424
SRR3086947	2425
SRR3086948	2425
SRR3086949	2426
SRR3086950	2426
SRR3086951	2427
SRR3086952	2427
SRR19213846	2428
SRR19213845	2428
SRR19213844	2428
SRR19213843	2429
SRR19213842	2429
SRR19213841	2429
SRR19213840	2430
SRR19213839	2430
SRR19213838	2430
SRR19213837	2431
SRR19213836	2431
SRR19213835	2431
SRR19213834	2432
SRR19213833	2432
SRR19213832	2432
SRR19213831	2433
SRR19213830	2433
SRR19213829	2433
SRR19213828	2434
SRR19213827	2434
SRR19213826	2434
SRR19213825	2435
SRR19213824	2435
SRR19213822	2436
SRR19213821	2436
SRR19213820	2436
SRR19213819	2436
SRR19213818	2437
SRR19213817	2437
SRR19213816	2437
SRR19213815	2438
SRR19213814	2438
SRR19213813	2438
SRR19213812	2439
SRR19213811	2439
SRR19213810	2439
SRR19213809	2440
SRR19213808	2440
SRR19213807	2440
SRR19213805	2441
SRR19213804	2441
SRR19213803	2441
SRR19213801	2442
SRR19213800	2442
SRR19213799	2442
SRR19213798	2443
SRR19213797	2443
SRR19213795	2444
SRR19213794	2444
SRR19213793	2444
SRR19213792	2444
SRR19213791	2444
SRR19213790	2445
SRR19213789	2445
SRR19213788	2445
SRR19213787	2446
SRR19213786	2446
SRR19213785	2446
SRR19213784	2446
SRR19213783	2446
SRR19521660	5215
SRR19521659	5214
SRR19521658	5213
SRR19521657	5212
SRR19521656	5215
SRR19521655	5214
SRR19521654	5213
SRR19521653	5212
SRR3143845	5211
SRR3143846	5210
SRR3143847	5209
SRR3143848	5208
SRR3143849	5207
SRR3143850	5206
SRR19857911	5204
SRR19857910	5204
SRR19857909	5204
SRR19857908	5204
SRR19857907	5204
SRR19857906	5204
SRR19857905	5204
SRR19857904	5204
SRR19857903	5204
SRR19857902	5205
SRR19857901	5205
SRR19857900	5205
SRR19857899	5204
SRR19857898	5204
SRR19857897	5204
SRR20673769	5203
SRR20673768	5202
SRR20673767	5201
SRR20673766	5200
SRR21026200	5199
SRR21026199	5198
SRR21026198	5199
SRR21026197	5198
SRR21026196	5199
SRR21026195	5198
SRR21026194	5197
SRR21026193	5196
SRR21026192	5197
SRR21026191	5196
SRR21026190	5197
SRR21026189	5196
SRR21026188	5195
SRR21026187	5194
SRR21026186	5195
SRR21026185	5194
SRR21026184	5195
SRR21026183	5194
SRR21026182	5193
SRR21026181	5192
SRR21026180	5193
SRR21026179	5192
SRR21026178	5193
SRR21026177	5192
SRR21218507	5189
SRR21218506	5189
SRR21218505	5188
SRR21218504	5188
SRR21218503	5188
SRR21218502	5188
SRR21218501	5187
SRR21218500	5187
SRR21218499	5187
SRR21218498	5187
SRR21218497	5186
SRR21218496	5186
SRR21218495	5184
SRR21218494	5186
SRR21218493	5186
SRR21218492	5185
SRR21218491	5185
SRR21218490	5185
SRR21218489	5184
SRR21218488	5184
SRR21218487	5185
SRR21218486	5184
SRR21675925	5183
SRR21675924	5183
SRR21675923	5182
SRR21675922	5182
SRR21675921	5181
SRR21675920	5181
SRR21675919	5180
SRR21675918	5180
SRR21725953	5179
SRR21725952	5179
SRR21725948	5179
SRR21725947	5178
SRR21725949	5178
SRR21725946	5178
SRR21725950	5177
SRR21725945	5177
SRR21725951	5177
SRR21725944	5176
SRR21725940	5176
SRR21725939	5176
SRR21725938	5175
SRR21725941	5175
SRR21725937	5175
SRR21725942	5174
SRR21725936	5174
SRR21725943	5174
SRR21725935	5173
SRR21725934	5173
SRR21725932	5173
SRR21725931	5172
SRR21725933	5172
SRR21725930	5172
SRR21798864	5171
SRR21798863	5171
SRR21798862	5171
SRR21798861	5170
SRR21798860	5170
SRR21798859	5170
SRR22012235	5169
SRR22012234	5169
SRR22012233	5168
SRR22012232	5168
SRR22036883	5166
SRR22036879	5167
SRR22036878	5167
SRR22036877	5167
SRR22036874	5166
SRR22036873	5166
SRR22340785	5165
SRR22340784	5165
SRR22340783	5165
SRR22340782	5164
SRR22340781	5164
SRR22340780	5164
SRR22340779	5163
SRR22340778	5163
SRR22340777	5163
SRR22340776	5162
SRR22340775	5162
SRR22340774	5162
SRR22340773	5161
SRR22340772	5161
SRR22340771	5161
SRR22340770	5160
SRR22340769	5160
SRR22340768	5160
SRR22340767	5159
SRR22340766	5159
SRR22340765	5159
SRR22340764	5158
SRR22340763	5158
SRR22340762	5158
SRR22571586	5155
SRR22571585	5154
SRR22571584	5157
SRR22571583	5157
SRR22571582	5157
SRR22571581	5156
SRR22571580	5155
SRR22571579	5156
SRR22571578	5156
SRR22571577	5155
SRR22571576	5154
SRR22571575	5154
SRR22682984	5152
SRR22682983	5153
SRR22682975	5152
SRR22682974	5152
SRR22682973	5151
SRR22682972	5151
SRR22682971	5151
SRR22682970	5150
SRR22682969	5150
SRR22682968	5150
SRR568038	5149
SRR568039	5149
SRR568040	5148
SRR3725585	212
SRR3725586	212
SRR3725587	212
SRR3725588	213
SRR3725589	213
SRR3725590	213
SRR3725591	214
SRR3725592	214
SRR3725593	214
SRR3725594	215
SRR3725595	215
SRR3725596	215
SRR3725597	216
SRR3725598	216
SRR3725599	216
SRR22989384	5143
SRR22989383	5143
SRR22989382	5143
SRR22989381	5142
SRR22989380	5142
SRR22989379	5142
SRR22989378	5141
SRR22989377	5141
SRR22989376	5141
SRR22989375	5140
SRR22989374	5140
SRR22989373	5140
SRR22989372	5139
SRR22989371	5139
SRR22989370	5139
SRR22989369	5138
SRR22989368	5138
SRR22989367	5138
SRR22989366	5137
SRR22989365	5137
SRR22989364	5137
SRR22989363	5136
SRR22989362	5136
SRR22989361	5136
SRR22989360	5135
SRR22989359	5135
SRR22989358	5135
SRR23216885	5132
SRR23216884	5131
SRR23216883	5132
SRR23216882	5131
SRR23216881	5134
SRR23216880	5134
SRR23216879	5133
SRR23216878	5133
SRR23216877	5132
SRR23216876	5132
SRR23216875	5131
SRR23216874	5131
SRR23216873	5131
SRR23216872	5134
SRR23216871	5132
SRR23216870	5134
SRR23216869	5133
SRR23216868	5133
SRR23216867	5132
SRR23216866	5132
SRR23216865	5131
SRR23216864	5131
SRR23216863	5134
SRR23216862	5134
SRR23216861	5134
SRR23216860	5133
SRR23216859	5131
SRR23216858	5133
SRR23216857	5132
SRR23216856	5132
SRR23216855	5131
SRR23216854	5131
SRR23216853	5134
SRR23216852	5134
SRR23216851	5134
SRR23216850	5133
SRR23216849	5133
SRR23216848	5131
SRR23216847	5134
SRR23216846	5134
SRR23216845	5133
SRR23216844	5133
SRR23216843	5133
SRR23216842	5133
SRR23216841	5132
SRR23216840	5132
SRR23216839	5131
SRR23269637	5129
SRR23269636	5129
SRR23269635	5128
SRR23269634	5128
SRR23269633	5127
SRR23269632	5127
SRR23270449	5126
SRR23270448	5126
SRR23270447	5126
SRR23270446	5125
SRR23270445	5125
SRR23270444	5125
SRR23270443	5124
SRR23270442	5124
SRR23270441	5124
SRR23270440	5123
SRR23270439	5123
SRR23270438	5123
SRR23270434	5121
SRR23270433	5121
SRR23270432	5121
SRR23306198	5120
SRR23306197	5120
SRR23306196	5120
SRR23689521	5119
SRR23689520	5119
SRR23689519	5118
SRR23689518	5118
SRR24079566	446
SRR24079565	446
SRR24079564	447
SRR24079563	447
SRR24079562	448
SRR24079561	448
SRR24079560	449
SRR24079559	449
SRR24079558	450
SRR24079557	450
SRR24079556	451
SRR24079555	451
SRR24079554	452
SRR24079553	452
SRR24079552	453
SRR24079551	453
SRR24079550	454
SRR24079549	454
SRR24079548	455
SRR24079547	455
SRR24079546	456
SRR24079545	456
SRR24079544	457
SRR24079543	457
SRR24079542	458
SRR24079541	458
SRR24079540	459
SRR24079539	459
SRR24079538	460
SRR24079537	460
SRR24079536	461
SRR24079535	461
SRR24136672	5117
SRR24136671	5117
SRR24136670	5117
SRR24136669	5116
SRR24136668	5116
SRR24136667	5116
SRR24136666	5115
SRR24136665	5115
SRR24136664	5115
SRR24136663	5114
SRR24136662	5114
SRR24136661	5114
SRR24136660	5113
SRR24136659	5113
SRR24136658	5112
SRR24136657	5112
SRR24136656	5112
SRR24163404	5111
SRR24163403	5111
SRR24163402	5111
SRR24163401	5110
SRR24163400	5110
SRR24163399	5110
SRR24208454	5109
SRR24208453	5109
SRR24208452	5106
SRR24208451	5106
SRR24208450	5109
SRR24208449	5108
SRR24208448	5108
SRR24208447	5108
SRR24208446	5107
SRR24208445	5107
SRR24208444	5107
SRR24208443	5106
SRR24442392	5105
SRR24442391	5104
SRR24442390	5103
SRR24442389	5102
SRR24442387	5100
SRR24442385	5098
SRR24634931	5097
SRR24634930	5097
SRR24634929	5096
SRR24634928	5096
SRR24634927	5095
SRR24634926	5095
SRR24634925	5094
SRR24634924	5094
SRR24634923	5093
SRR24634922	5093
SRR24634921	5092
SRR24634920	5092
SRR24759677	5091
SRR24759676	5091
SRR24759675	5091
SRR24759674	5091
SRR24759673	5091
SRR24759672	5091
SRR24823338	5090
SRR24823340	5089
SRR24823443	5088
SRR24823480	5087
SRR24974586	5086
SRR24974585	5086
SRR24974584	5086
SRR24974583	5086
SRR24974582	5085
SRR24974581	5085
SRR24974580	5085
SRR24974579	5085
SRR24974578	5084
SRR24974577	5084
SRR24974576	5084
SRR24974575	5084
SRR24974574	5083
SRR24974573	5083
SRR24974572	5083
SRR24974571	5083
SRR25345062	5082
SRR25345061	5082
SRR25345060	5082
SRR25345059	5081
SRR25345058	5081
SRR25345057	5081
SRR25345056	5080
SRR25345055	5080
SRR25345054	5080
SRR25411074	5079
SRR25411073	5078
SRR25411072	5077
SRR25411071	5076
SRR638895	1073
SRR25627960	5075
SRR25627959	5075
SRR25627958	5075
SRR25627957	5074
SRR25627956	5074
SRR25627955	5074
SRR25663120	5073
SRR25663119	5073
SRR25663118	5072
SRR25663117	5072
SRR25663116	5071
SRR25663115	5071
SRR25663114	5070
SRR25663113	5070
SRR25663112	5069
SRR25663111	5069
SRR25663110	5068
SRR25663109	5068
SRR25663108	5067
SRR25663107	5067
SRR25663106	5066
SRR25663105	5066
SRR25787977	5065
SRR25787976	5064
SRR25787975	5063
SRR25787974	5062
SRR25787973	5061
SRR25792494	5059
SRR25792493	5058
SRR25792492	5057
SRR26142264	5056
SRR26142263	5056
SRR26142262	5053
SRR26142261	5053
SRR26142260	5056
SRR26142259	5055
SRR26142258	5055
SRR26142257	5055
SRR26142256	5054
SRR26142255	5054
SRR26142254	5054
SRR26142253	5053
SRR26200211	5052
SRR26200210	5052
SRR26200209	5049
SRR26200208	5055
SRR26200207	5055
SRR26200206	5055
SRR26200205	5054
SRR26200204	5054
SRR26200203	5054
SRR26200202	5053
SRR26200201	5053
SRR26200200	5053
SRR26200199	5052
SRR26200198	5051
SRR26200197	5051
SRR26200196	5051
SRR26200195	5050
SRR26200194	5050
SRR26200193	5049
SRR26200192	5049
SRR26203403	5048
SRR26203402	5048
SRR26203401	5048
SRR26203400	5048
SRR26203399	5047
SRR26203398	5047
SRR26203397	5047
SRR26203396	5047
SRR26203395	5046
SRR26203394	5046
SRR26203393	5046
SRR26203392	5046
SRR26203391	5045
SRR26203389	5045
SRR26203388	5045
SRR26203387	5044
SRR26203386	5044
SRR26203385	5044
SRR26203383	5043
SRR26203382	5043
SRR26203381	5043
SRR26203380	5043
SRR26203379	5042
SRR26203378	5042
SRR26203377	5042
SRR26203376	5042
SRR26203375	5041
SRR26203374	5041
SRR26203373	5041
SRR26203372	5041
SRR26203371	5040
SRR26203370	5040
SRR26203369	5040
SRR26203368	5040
SRR26203367	5039
SRR26203366	5039
SRR26203365	5039
SRR26203361	5038
SRR26203360	5038
SRR26225371	5037
SRR26225372	5037
SRR26225373	5036
SRR26225374	5036
SRR26328579	5032
SRR26328576	5034
SRR26328575	5033
SRR26328574	5033
SRR26328573	5033
SRR26328572	5032
SRR26328571	5032
SRR26905522	5031
SRR26905521	5031
SRR26905518	5031
SRR26905517	5030
SRR26905519	5030
SRR26905516	5029
SRR26905520	5029
SRR4447014	5028
SRR4447015	5028
SRR4447016	5027
SRR4447017	5027
SRR4447018	5026
SRR4447019	5026
SRR4447020	5025
SRR4447022	5025
SRR27126455	5024
SRR27297471	5023
SRR27297470	5023
SRR27297469	5023
SRR27297468	5022
SRR27297467	5022
SRR27297466	5022
SRR27299324	5021
SRR27299323	5021
SRR27299321	5018
SRR27299320	5021
SRR27299319	5020
SRR27299318	5020
SRR27299317	5020
SRR27299316	5019
SRR27299315	5019
SRR27299314	5019
SRR27299313	5018
SRR5017556	218
SRR5017558	218
SRR5017559	217
SRR5017560	217
SRR5017561	5017
SRR5017562	5016
SRR27845583	5015
SRR27845582	5015
SRR27845581	5015
SRR27845580	5014
SRR27845579	5014
SRR27845578	5014
SRR27988204	5013
SRR27988205	5013
SRR27988206	5012
SRR27988207	5012
SRR5061507	219
SRR5061509	224
SRR5061510	226
SRR5061511	221
SRR5061512	227
SRR5061513	222
SRR5061514	219
SRR5061515	221
SRR5061516	5011
SRR5061517	220
SRR5061518	221
SRR5061519	220
SRR5061520	229
SRR5061521	229
SRR5061522	5010
SRR5061523	227
SRR5061703	224
SRR5061704	225
SRR5061705	225
SRR5061706	226
SRR5061707	222
SRR5061708	223
SRR5061709	223
SRR5061710	228
SRR5061711	5009
SRR5061712	228
SRR5061713	5009
SRR28638942	5008
SRR28638941	5008
SRR28638940	5008
SRR28638939	5007
SRR28638938	5007
SRR28638937	5007
SRR28903651	5006
SRR28903650	5006
SRR28903649	5006
SRR28903648	5005
SRR28903647	5005
SRR28903646	5005
SRR28905876	5004
SRR28905875	5004
SRR28905874	5004
SRR28905873	5003
SRR28905872	5003
SRR28905871	5003
SRR28960514	5002
SRR28960513	5002
SRR28960512	5002
SRR28960511	5001
SRR28960510	5001
SRR28960509	5001
SRR28961497	5000
SRR28961496	5000
SRR28961495	5000
SRR28973127	4999
SRR28973126	4999
SRR28973125	4999
SRR28973124	4998
SRR28973122	4998
SRR28973121	4998
SRR28973120	4997
SRR28973123	4997
SRR28973119	4997
SRR28973118	4996
SRR28973117	4996
SRR28973116	4996
SRR5155566	4993
SRR5155567	4991
SRR5155568	4994
SRR5155569	4992
SRR5163960	231
SRR5163961	230
SRR5163962	4995
SRR5163963	231
SRR5163964	230
SRR5227450	4994
SRR5227451	4993
SRR5227452	4992
SRR5227453	4991
SRR5227454	4990
SRR799107	4989
SRR799109	4988
SRR799110	4987
SRR799108	4986
SRR5277860	4985
SRR5277861	4985
SRR5277862	4984
SRR5277863	4984
SRR5318363	232
SRR5318364	232
SRR5318365	232
SRR5318366	233
SRR5318367	233
SRR5318368	234
SRR5318369	234
SRR5689224	235
SRR5689225	235
SRR5689226	237
SRR5689227	237
SRR5689228	236
SRR5689229	236
SRR5689230	238
SRR5689231	238
SRR5689232	240
SRR5689233	240
SRR5689234	239
SRR5689235	239
SRR5810174	4983
SRR5810175	4982
SRR5810176	4981
SRR5810177	4980
SRR5810179	4978
SRR5811297	4974
SRR896653	4967
SRR5875881	4964
SRR5875882	2423
SRR5944794	242
SRR5944795	241
SRR5944796	242
SRR5944797	241
SRR5944798	242
SRR5944799	241
SRR6131508	4963
SRR6131509	4963
SRR6131510	4963
SRR6131511	4962
SRR6131512	4962
SRR6131514	4961
SRR6131515	4961
SRR6131516	4961
SRR6131517	4960
SRR6131518	4960
SRR6131519	4959
SRR6131520	4959
SRR6131521	4959
SRR6131523	4958
SRR6131524	4958
SRR6131525	4957
SRR6131526	4957
SRR6131528	4956
SRR6131529	4956
SRR6176440	4955
SRR6176439	4955
SRR6176438	4955
SRR6176437	4952
SRR6176436	4954
SRR6176435	4954
SRR6176434	4953
SRR6176433	4954
SRR6176432	4953
SRR6176431	4953
SRR6176430	4952
SRR6176429	4952
SRR6329094	4951
SRR6329095	4951
SRR6329096	4950
SRR6329097	4950
SRR6329098	4949
SRR6329099	4949
SRR6360039	4948
SRR6360055	4942
SRR974685	4936
SRR6407487	4935
SRR998928	193
SRR998929	193
SRR998930	193
SRR998931	4934
SRR998932	4934
SRR998933	4934
SRR6713303	4933
SRR6713304	4933
SRR6713305	4933
SRR6713306	4932
SRR6713307	4932
SRR6713308	4932
SRR6713309	4931
SRR6713310	4931
SRR6713311	4931
SRR6713312	4930
SRR6713313	4930
SRR6713314	4930
SRR6713315	4929
SRR6713316	4929
SRR6713317	4929
SRR6713318	4928
SRR6713319	4928
SRR6713320	4928
SRR6713321	4927
SRR6713322	4927
SRR6713323	4927
SRR6713324	4926
SRR6713325	4926
SRR6713326	4926
SRR6713327	4926
SRR6713328	4926
SRR6713329	4926
SRR6713330	4925
SRR6713331	4925
SRR6713332	4925
SRR6713333	4924
SRR6713334	4924
SRR6713335	4924
SRR6713336	4923
SRR6713337	4923
SRR6713338	4923
SRR6713339	4922
SRR6713340	4922
SRR6713341	4922
SRR6713342	4921
SRR6713343	4921
SRR6713344	4921
SRR6713345	4920
SRR6713346	4920
SRR6713347	4920
SRR6713348	4919
SRR6713349	4919
SRR6713350	4919
SRR6713351	4919
SRR6713352	4919
SRR6713353	4919
SRR6713356	4918
SRR6713357	4917
SRR6713358	4917
SRR6713359	4917
SRR6713360	4916
SRR6713361	4916
SRR6713364	4915
SRR6713365	4915
SRR6713366	4915
SRR6713367	4914
SRR6713368	4914
SRR6713369	4914
SRR6713370	4913
SRR6713371	4913
SRR6713372	4913
SRR6713373	4909
SRR6713374	4912
SRR6713375	4912
SRR6713376	4912
SRR6713377	4911
SRR6713378	4911
SRR6713379	4911
SRR6713380	4910
SRR6713381	4910
SRR6713382	4910
SRR6713383	4909
SRR6713384	4909
SRR6713385	4908
SRR6713386	4908
SRR6713387	4908
SRR6713388	4907
SRR6713389	4907
SRR6713390	4907
SRR1020650	4906
SRR1020651	4906
SRR1023805	4905
SRR1023806	4905
SRR1023807	4904
SRR1023808	4904
SRR1023809	4903
SRR1023810	4903
SRR1023811	4902
SRR1023812	4902
SRR6787467	272
SRR6787468	272
SRR6787469	273
SRR6787470	273
SRR6787471	274
SRR6787472	274
SRR6787473	275
SRR6787474	275
SRR1033691	4901
SRR1033692	4900
SRR7061289	281
SRR7061288	281
SRR7061287	280
SRR7061286	280
SRR7061285	282
SRR7061284	282
SRR7061283	283
SRR7061282	283
SRR7061281	284
SRR7061280	284
SRR7061279	285
SRR7061278	285
SRR7061277	287
SRR7061276	287
SRR7061275	286
SRR7061274	286
SRR7061273	277
SRR7061272	277
SRR7061271	276
SRR7061270	276
SRR7061269	279
SRR7061268	279
SRR7061267	278
SRR7061266	278
SRR7064995	290
SRR7064996	290
SRR7064997	288
SRR7064998	288
SRR7064999	289
SRR7065000	289
SRR7086711	4898
SRR7086712	4898
SRR7086713	4897
SRR7086714	4897
SRR7086715	4898
SRR7086716	4898
SRR7086717	4897
SRR7086718	4897
SRR7221299	4896
SRR7221300	4896
SRR7221301	4896
SRR7221302	4895
SRR7221303	4895
SRR7221304	4895
SRR7359812	4894
SRR7359813	4894
SRR7359814	4893
SRR7359815	4893
SRR7359816	4892
SRR7359817	4892
SRR7359818	4891
SRR7359819	4891
SRR7359820	4890
SRR7359821	4890
SRR7359822	4889
SRR7359823	4889
SRR7443722	291
SRR7443723	291
SRR7443724	291
SRR7443726	292
SRR7443727	292
SRR7443728	293
SRR7443729	293
SRR7443734	295
SRR7443735	295
SRR7443736	295
SRR7443737	296
SRR7443739	296
SRR7443740	297
SRR7443741	297
SRR7443742	297
SRR7443743	298
SRR7443744	298
SRR7443745	298
SRR7443746	299
SRR7443747	299
SRR7443748	299
SRR7443749	300
SRR7443750	300
SRR7443751	300
SRR7443752	301
SRR7443753	301
SRR7443754	301
SRR7443755	4888
SRR7443757	4888
SRR7443758	302
SRR7443759	302
SRR7443760	302
SRR7443761	303
SRR7443762	303
SRR7443763	303
SRR7443764	304
SRR7443765	304
SRR7443766	304
SRR7443767	305
SRR7443768	305
SRR7443770	305
SRR7443771	305
SRR7443772	305
SRR7443773	306
SRR7443775	306
SRR7443776	307
SRR7443777	307
SRR7443778	307
SRR7443779	308
SRR7443780	308
SRR7443781	308
SRR7443782	4887
SRR7443783	4887
SRR7443784	4887
SRR7443785	4886
SRR7443786	4886
SRR7443787	4886
SRR7443788	310
SRR7443789	310
SRR7443790	310
SRR7443791	309
SRR7443792	309
SRR7443793	309
SRR7443794	311
SRR7443795	311
SRR7443796	311
SRR7443797	312
SRR7443798	312
SRR7443799	312
SRR7443800	313
SRR7443801	313
SRR7443802	313
SRR7444071	317
SRR7444072	317
SRR7444073	317
SRR7444074	314
SRR7444075	314
SRR7444076	314
SRR7444080	318
SRR7444081	318
SRR7444082	318
SRR7444083	315
SRR7444084	315
SRR7444085	315
SRR7444089	319
SRR7444090	319
SRR7444091	319
SRR7444092	316
SRR7444093	316
SRR7444094	316
SRR7444098	4885
SRR7444099	4885
SRR7444100	4885
SRR7444101	4884
SRR7444102	4884
SRR7444103	4884
SRR7444104	4883
SRR7444105	4883
SRR7448503	4882
SRR7448504	4882
SRR7448505	4882
SRR7448506	320
SRR7448507	320
SRR7448508	320
SRR7453058	4876
SRR7453057	4876
SRR7453053	4880
SRR7453048	4881
SRR7453047	4881
SRR7453046	4879
SRR7453045	4881
SRR7453044	4880
SRR7453042	4875
SRR7453030	4879
SRR7453029	4878
SRR7453028	4878
SRR7453027	4878
SRR7453026	4877
SRR7453025	4877
SRR7453024	4877
SRR7453023	4876
SRR7453022	4875
SRR7453021	4874
SRR7453020	4873
SRR7453019	4873
SRR7453018	4874
SRR7453017	4874
SRR7453016	4872
SRR7453015	4872
SRR7453013	4872
SRR7504771	321
SRR7504772	321
SRR7504773	321
SRR7504774	322
SRR7504775	322
SRR7504776	322
SRR7504777	323
SRR7504778	323
SRR7504779	323
SRR7504780	324
SRR7504781	324
SRR7504782	324
SRR7504783	325
SRR7504784	325
SRR7504785	325
SRR7504786	326
SRR7504787	326
SRR7504788	326
SRR7505564	328
SRR7505565	328
SRR7505566	327
SRR7505567	327
SRR1137827	4871
SRR1137828	4870
SRR7634495	330
SRR7634496	332
SRR7634497	330
SRR7634498	332
SRR7634499	330
SRR7634500	332
SRR7634501	330
SRR7634502	332
SRR7634503	329
SRR7634504	331
SRR7634505	329
SRR7634506	331
SRR7634507	329
SRR7634508	331
SRR7634509	329
SRR7634510	331
SRR7634748	334
SRR7634749	336
SRR7634750	334
SRR7634751	336
SRR7634752	334
SRR7634753	336
SRR7634754	334
SRR7634755	336
SRR7634757	335
SRR7634759	335
SRR7634760	333
SRR7634761	335
SRR7634762	333
SRR7634763	335
SRR7634765	340
SRR7634766	338
SRR7634767	340
SRR7634768	338
SRR7634769	340
SRR7634770	338
SRR7634771	340
SRR7634773	339
SRR7634774	337
SRR7634775	337
SRR7634776	339
SRR7634777	337
SRR7642053	341
SRR7642039	342
SRR7642040	344
SRR7642041	342
SRR7642042	344
SRR7642043	342
SRR7642044	344
SRR7642045	342
SRR7642046	344
SRR7642047	341
SRR7642048	343
SRR7642049	341
SRR7642050	343
SRR7642051	341
SRR7642052	343
SRR7642054	343
SRR7642641	346
SRR7642642	348
SRR7642643	346
SRR7642644	348
SRR7642645	346
SRR7642646	348
SRR7642647	346
SRR7642648	348
SRR7642649	345
SRR7642650	347
SRR7642651	345
SRR7642652	347
SRR7642653	345
SRR7642654	347
SRR7642655	345
SRR7642656	347
SRR7642837	350
SRR7642838	352
SRR7642839	350
SRR7642840	350
SRR7642841	352
SRR7642842	350
SRR7642843	352
SRR7642844	349
SRR7642845	351
SRR7642846	349
SRR7642847	351
SRR7642848	349
SRR7642849	351
SRR7642850	349
SRR7642851	351
SRR7642910	354
SRR7642911	356
SRR7642912	354
SRR7642913	356
SRR7642914	354
SRR7642915	356
SRR7642916	353
SRR7642917	355
SRR7642918	353
SRR7642919	355
SRR7642920	353
SRR7642921	355
SRR7651347	358
SRR7651348	360
SRR7651349	358
SRR7651350	360
SRR7651351	358
SRR7651352	360
SRR7651353	358
SRR7651354	360
SRR7651355	357
SRR7651356	359
SRR7651357	357
SRR7651358	359
SRR7651359	357
SRR7651360	359
SRR7651361	357
SRR7651362	359
SRR7689037	4869
SRR7689038	4869
SRR7689039	4869
SRR7689040	4868
SRR7689041	4868
SRR7689042	4868
SRR7689043	4867
SRR7689044	4867
SRR7689045	4867
SRR7689046	4866
SRR7689047	4866
SRR7689048	4866
SRR7689049	4865
SRR7689050	4865
SRR7689051	4865
SRR7689052	4864
SRR7689053	4864
SRR7689054	4864
SRR7689055	4863
SRR7689056	4863
SRR7689057	4863
SRR7689058	4862
SRR7689059	4862
SRR7689060	4862
SRR7689061	4861
SRR7689062	4861
SRR7689063	4861
SRR7749843	362
SRR7749844	362
SRR7749845	361
SRR7749846	361
SRR7759900	363
SRR7759901	363
SRR7759902	363
SRR7759903	4860
SRR7763430	364
SRR7763431	364
SRR7763432	364
SRR7763433	364
SRR7768614	4858
SRR7768615	4858
SRR7768616	4857
SRR7768617	4857
SRR7792246	4856
SRR7792254	4854
SRR7792255	368
SRR7792256	368
SRR7792257	368
SRR7792258	367
SRR7792259	367
SRR7792260	367
SRR7792261	367
SRR7792262	368
SRR7792263	368
SRR7792264	368
SRR7792265	368
SRR7792266	365
SRR7792267	365
SRR7792268	365
SRR7792269	365
SRR7792270	366
SRR7792271	366
SRR7792272	366
SRR7792273	366
SRR7792274	370
SRR7792275	370
SRR7792276	370
SRR7792277	369
SRR7792278	369
SRR7792279	369
SRR7792280	372
SRR7792281	372
SRR7792282	372
SRR7792283	372
SRR7792284	371
SRR7792285	371
SRR7792286	371
SRR7792287	371
SRR7792619	373
SRR7792620	373
SRR7792621	374
SRR7792622	374
SRR7792623	378
SRR7792624	378
SRR7792625	375
SRR7792626	375
SRR7792627	377
SRR7792628	377
SRR7792629	376
SRR7792630	376
SRR7819648	4853
SRR7819647	4852
SRR7819646	4851
SRR7819645	4850
SRR7948425	4849
SRR7948426	4849
SRR7948427	4848
SRR7948428	4848
SRR8149437	4847
SRR8149444	4846
SRR8149447	4845
SRR8149449	4844
SRR8149478	4843
SRR8149483	4842
SRR8149496	4841
SRR8149497	4840
SRR8149498	4839
SRR8149499	4838
SRR8149500	4837
SRR8149501	4836
SRR8149502	4835
SRR8175736	4727
SRR8175737	4726
SRR8262954	379
SRR8262955	379
SRR8262956	379
SRR8262957	381
SRR8262958	381
SRR8262959	381
SRR8262960	382
SRR8262961	382
SRR8262962	382
SRR8262963	380
SRR8262964	380
SRR8262965	380
SRR8272000	383
SRR8272001	383
SRR8272002	385
SRR8272003	385
SRR8272004	384
SRR8272005	384
SRR8274753	392
SRR8274754	392
SRR8274755	392
SRR8274756	399
SRR8274757	399
SRR8274758	399
SRR8274759	398
SRR8274760	398
SRR8274761	398
SRR8274762	395
SRR8274763	395
SRR8274764	395
SRR8274765	394
SRR8274766	394
SRR8274767	394
SRR8274768	393
SRR8274769	393
SRR8274770	393
SRR8274771	401
SRR8274772	401
SRR8274773	401
SRR8274774	400
SRR8274775	400
SRR8274776	397
SRR8274777	397
SRR8274778	397
SRR8274779	396
SRR8274780	396
SRR8274781	396
SRR8297740	4247
SRR8297739	4246
SRR8297738	4245
SRR8297737	4244
SRR8368679	403
SRR8368680	403
SRR8368681	403
SRR8368682	402
SRR8368683	402
SRR8368684	402
SRR8441993	4241
SRR8441992	4241
SRR8441991	4240
SRR8441990	4241
SRR8441989	4240
SRR8441988	4240
SRR8441987	4239
SRR8441986	4239
SRR8441984	4239
SRR8441983	4238
SRR8441982	4238
SRR8441981	4238
SRR8550302	408
SRR8550303	408
SRR8550304	408
SRR8550305	406
SRR8550306	406
SRR8550307	406
SRR8550308	407
SRR8550309	407
SRR8550310	407
SRR8550311	404
SRR8550312	404
SRR8550313	404
SRR8550314	405
SRR8550315	405
SRR8550316	405
SRR8588636	409
SRR8588637	409
SRR8588638	409
SRR8588639	409
SRR8588640	410
SRR8588641	410
SRR8588642	410
SRR8588643	410
SRR8588644	411
SRR8588645	411
SRR8588646	411
SRR8588647	411
SRR1294205	4237
SRR1294206	4237
SRR1294207	4237
SRR1294208	4236
SRR1294209	4236
SRR1294210	4236
SRR1294211	4235
SRR1294212	4235
SRR1294213	4235
SRR8695353	4234
SRR8695352	4233
SRR8696727	4232
SRR8696726	4231
SRR8697252	4230
SRR8697251	4229
SRR8715533	4228
SRR8715534	4228
SRR8715535	412
SRR8715536	412
SRR8816604	1340
SRR8816603	413
SRR8816601	1340
SRR8816600	413
SRR8816599	414
SRR8816598	1340
SRR8816597	413
SRR8816592	1345
SRR8816589	414
SRR8816588	414
SRR8902366	4227
SRR8902367	4227
SRR8902368	4227
SRR8902369	4226
SRR8902370	4226
SRR8902371	4226
SRR8902363	4225
SRR8902364	4225
SRR8902365	4225
SRR8902405	4224
SRR8902406	4224
SRR8902407	4224
SRR8902408	4223
SRR8902409	4223
SRR8902410	4223
SRR8902411	4222
SRR8902412	4222
SRR8902413	4222
SRR1363501	4220
SRR1363502	4220
SRR1363505	4219
SRR9042978	4218
SRR9042979	4218
SRR9042980	4218
SRR9042981	4217
SRR9042982	4217
SRR9042983	4217
SRR9042984	4216
SRR9042985	4216
SRR9042986	4216
SRR9042987	4215
SRR9042988	4215
SRR9042989	4215
SRR9042990	4214
SRR9042991	4214
SRR9115073	4263
SRR9115071	4262
SRR9214135	4261
SRR9214136	4261
SRR9214137	4261
SRR9331748	4214
SRR9973145	4200
SRR9973143	4200
SRR9973142	4200
SRR9994461	439
SRR9994462	439
SRR9994463	439
SRR9994464	439
SRR9994465	438
SRR9994466	438
SRR9994467	438
SRR9994468	438
SRR9994469	441
SRR9994470	441
SRR9994471	441
SRR9994472	441
SRR9994473	440
SRR9994474	440
SRR9994475	440
SRR9994476	440
SRR9994477	442
SRR9994478	442
SRR9994479	442
SRR9994480	442
SRR9994481	443
SRR9994482	443
SRR9994483	443
SRR9994484	443
SRR9994485	444
SRR9994486	444
SRR9994487	444
SRR9994488	444
SRR9994489	445
SRR9994490	445
SRR9994491	445
SRR9994492	445
SRR10022311	4199
SRR10022312	4199
SRR10022313	4199
SRR10022314	4198
SRR10022315	4198
SRR10022316	4198
SRR10076619	415
SRR10076618	415
SRR10076617	415
SRR10076616	416
SRR10076615	416
SRR10076614	416
SRR10115601	390
SRR10115602	390
SRR10115603	391
SRR10115604	391
SRR10115605	388
SRR10115606	388
SRR10115607	389
SRR10115608	389
SRR10115609	386
SRR10115610	386
SRR10115611	387
SRR10115612	387
SRR10123879	418
SRR10123878	418
SRR10123877	418
SRR10123882	417
SRR10123881	417
SRR10123880	417
SRR10125314	4197
SRR10125315	4197
SRR10125316	4196
SRR10125317	4196
SRR10125323	4190
SRR10129360	4188
SRR10129359	4188
SRR10129358	4188
SRR10129603	4187
SRR10129602	4187
SRR10129601	4187
SRR10129719	4186
SRR10129718	4186
SRR10129717	4186
SRR10130139	4185
SRR10130138	4185
SRR10130137	4185
SRR10163944	420
SRR10163945	420
SRR10163946	420
SRR10163947	419
SRR10163948	419
SRR10163949	419
SRR10203898	422
SRR10203897	422
SRR10203896	421
SRR10203895	421
SRR10203884	424
SRR10203883	424
SRR10203882	423
SRR10203881	423
SRR10344329	425
SRR10344328	425
SRR10344327	425
SRR10344326	426
SRR10344325	426
SRR10344324	426
SRR10417462	4184
SRR10417463	4184
SRR10417464	4184
SRR10417465	4183
SRR10417466	4183
SRR10417467	4183
SRR10423283	428
SRR10423284	428
SRR10423285	428
SRR10423286	427
SRR10423287	427
SRR10423288	427
SRR1605909	194
SRR1605910	195
SRR1605911	196
SRR1605912	194
SRR1605913	195
SRR1605914	196
SRR1605915	197
SRR1605916	197
SRR1605917	197
SRR10596679	4182
SRR10596680	4182
SRR10596681	4182
SRR10596682	4181
SRR10596683	4181
SRR10596684	4181
SRR10614054	4180
SRR10614053	4179
SRR10614052	4179
SRR10614051	4179
SRR10614050	4178
SRR10614049	4178
SRR10614048	4178
SRR10614047	4177
SRR10681572	4176
SRR10681571	4176
SRR10681570	4175
SRR10681569	4175
SRR10854758	4174
SRR10854757	4174
SRR10854756	4173
SRR10854755	4173
SRR10854754	4172
SRR10854753	4172
SRR10919098	4171
SRR10919099	4171
SRR10919100	4171
SRR10919101	4170
SRR10919102	4170
SRR10919103	4170
SRR10919104	4170
SRR11195988	4166
SRR11195987	4165
SRR11364814	4162
SRR11364815	4161
SRR11364816	4160
SRR11364817	4159
SRR11364818	4158
SRR11364819	4157
SRR11364820	4156
SRR11364821	4155
SRR11364822	4154
SRR11364823	4153
SRR11364830	4146
SRR11364831	4145
SRR11364832	4144
SRR11364833	4143
SRR11364834	4142
SRR11364835	4141
SRR11364836	4140
SRR11364837	4139
SRR11364846	4130
SRR11364847	4129
SRR11364848	4128
SRR11364849	4127
SRR11364850	4126
SRR11364851	4125
SRR11364852	4124
SRR11364853	4123
SRR11364854	4122
SRR11364855	4121
SRR11364856	4120
SRR11364857	4119
SRR11364858	4118
SRR11364859	4117
SRR11364860	4116
SRR11364861	4115
SRR11364862	4114
SRR11364863	4113
SRR11364864	4112
SRR11364865	4111
SRR11364866	4110
SRR11364867	4109
SRR11364868	4108
SRR11364869	4107
SRR11364870	4106
SRR11364871	4105
SRR11364872	4104
SRR11364873	4103
SRR11364874	4102
SRR11364875	4101
SRR11364876	4100
SRR11364877	4099
SRR1695486	4098
SRR1695487	4098
SRR1695488	4097
SRR1695489	4097
SRR1695490	4096
SRR1695491	4096
SRR1695492	4095
SRR1695493	4095
SRR11413721	4090
SRR11727856	4088
SRR11727857	4088
SRR11727858	4087
SRR11727859	4087
SRR11727860	4086
SRR11950089	4083
SRR11950090	4083
SRR11950091	4082
SRR11950092	4082
SRR11950093	4082
SRR11950094	4081
SRR11950096	4081
SRR11950097	4080
SRR11950098	4080
SRR11950099	4080
SRR11950100	4079
SRR11950101	4079
SRR11950102	4079
SRR11950103	4078
SRR11950104	4078
SRR11950105	4078
SRR11950106	4077
SRR11950107	4077
SRR11950108	4077
SRR11950109	4076
SRR11950110	4076
SRR11950111	4076
SRR12062803	429
SRR12062797	430
SRR12062795	430
SRR12062794	429
SRR12191935	4064
SRR12191934	4064
SRR12191933	4064
SRR12191932	4063
SRR12191931	4063
SRR12191930	4063
SRR12192602	4062
SRR12192603	4062
SRR12192604	4062
SRR12192605	4061
SRR12192606	4061
SRR12192607	4061
SRR12192608	4060
SRR12192609	4060
SRR12192610	4059
SRR12192611	4059
SRR12192612	4059
SRR12192613	4058
SRR12192614	4058
SRR12192615	4058
SRR12192616	4057
SRR12192617	4057
SRR12192618	4057
SRR12209705	4056
SRR12209706	4056
SRR12209707	4056
SRR12209708	4055
SRR12209709	4055
SRR12209710	4055
SRR12209711	4054
SRR12209712	4054
SRR12209713	4053
SRR12209714	4053
SRR12259885	4052
SRR12259886	4052
SRR12259887	4051
SRR12259888	4051
SRR1822433	200
SRR1822434	200
SRR1822435	4050
SRR1822436	199
SRR1822437	199
SRR1822438	199
SRR1822439	4049
SRR1822442	198
SRR1822443	198
SRR1822444	198
SRR12613827	4048
SRR12613826	4048
SRR12613825	4046
SRR12613824	4046
SRR12613823	4056
SRR12613822	4055
SRR12613821	4054
SRR12613820	4053
SRR12613819	4052
SRR12613818	4051
SRR12613817	4050
SRR12613816	4049
SRR12613815	4048
SRR12613814	4047
SRR12613813	4047
SRR12613812	4047
SRR12613811	4045
SRR12613810	4045
SRR12613809	4046
SRR12613808	4045
SRR12700633	4044
SRR12700634	4044
SRR12700635	4044
SRR12700636	4043
SRR12700637	4043
SRR12700638	4043
SRR12769314	4042
SRR12769313	4042
SRR12769312	4039
SRR12769311	4039
SRR12769310	4042
SRR12769309	4041
SRR12769308	4041
SRR12769307	4041
SRR12769306	4040
SRR12769305	4040
SRR12769304	4040
SRR12769303	4039
SRR12779714	136
SRR12779715	136
SRR12779716	136
SRR12779717	4038
SRR12779718	4038
SRR12779719	4038
SRR12779720	72
SRR12779721	72
SRR12779722	4037
SRR12779723	4037
SRR12779725	57
SRR12779726	57
SRR12779727	57
SRR12779728	4036
SRR13019058	4034
SRR13019059	4034
SRR13019060	4034
SRR13019061	4033
SRR13019063	4033
SRR13019064	4032
SRR13019065	4032
SRR13019066	4032
SRR13019067	4031
SRR13019068	4031
SRR13019069	4031
SRR1915476	4030
SRR1915477	4030
SRR1915478	4030
SRR1915483	4028
SRR1915485	4027
SRR1915486	4027
SRR1915488	4026
SRR1915489	4026
SRR1915490	4026
SRR1917694	201
SRR1917695	201
SRR1917696	201
SRR1917697	205
SRR1917698	205
SRR1917699	205
SRR1917700	202
SRR1917701	202
SRR1917702	202
SRR1917703	206
SRR1917704	206
SRR1917705	206
SRR1917706	203
SRR1917707	203
SRR1917708	203
SRR1917709	204
SRR1917710	204
SRR1917711	204
SRR1917712	207
SRR1917713	207
SRR1917714	4025
SRR1917715	4025
SRR1917716	4024
SRR1917717	4024
SRR1917718	4024
SRR1917719	4023
SRR1917720	4023
SRR1917721	4023
SRR1917722	4022
SRR1917723	4021
SRR1917724	4021
SRR1917725	4021
SRR1917726	4020
SRR1917727	4020
SRR1917728	4020
SRR13150656	4019
SRR13150657	4018
SRR13150658	4018
SRR1957317	4008
SRR1957318	4008
SRR1957319	4007
SRR1957320	4007
SRR1957321	4006
SRR1957322	4006
SRR1957323	4005
SRR1957324	4005
SRR13529913	4004
SRR13529914	4004
SRR13529915	4004
SRR13529916	4003
SRR13529917	4003
SRR13529918	4003
SRR13529919	4002
SRR13529920	4002
SRR13529922	4001
SRR13529923	4001
SRR13529924	4001
SRR13552887	478
SRR13552888	478
SRR13552889	478
SRR13552890	479
SRR13552891	479
SRR13552892	479
SRR13552893	480
SRR13552894	480
SRR13552895	480
SRR13552896	481
SRR13552897	481
SRR13552898	481
SRR13552899	482
SRR13552900	482
SRR13552901	482
SRR13552902	483
SRR13552903	483
SRR13552904	483
SRR13552905	484
SRR13552906	484
SRR13552907	484
SRR13552908	485
SRR13552909	485
SRR13552910	485
SRR13552911	486
SRR13552912	486
SRR13552913	486
SRR13566058	494
SRR13566059	494
SRR13566036	487
SRR13566037	487
SRR13566038	487
SRR13566039	488
SRR13566040	488
SRR13566041	488
SRR13566042	489
SRR13566043	489
SRR13566044	489
SRR13566045	490
SRR13566046	490
SRR13566047	490
SRR13566048	491
SRR13566049	491
SRR13566050	491
SRR13566051	492
SRR13566052	492
SRR13566053	492
SRR13566054	493
SRR13566055	493
SRR13566056	493
SRR13566057	494
SRR13566060	495
SRR13566061	495
SRR13566062	495
SRR13601493	502
SRR13601494	502
SRR13601475	496
SRR13601476	496
SRR13601477	496
SRR13601478	497
SRR13601479	497
SRR13601480	497
SRR13601481	498
SRR13601482	498
SRR13601483	498
SRR13601484	499
SRR13601485	499
SRR13601486	499
SRR13601487	500
SRR13601488	500
SRR13601489	500
SRR13601490	501
SRR13601491	501
SRR13601492	501
SRR13601495	502
SRR13601496	503
SRR13601497	503
SRR13601498	503
SRR13601499	504
SRR13601500	504
SRR13601501	504
ERX1101427	7000
ERX1101430	7000
ERX1404045	7001
ERX1404046	7001
ERX1404043	7002
ERX1404044	7002
ERX237502	7003
ERX237505	7003
ERX237506	7003
ERX237497	7004
ERX237499	7004
ERX237500	7004
ERX1818321	7006
ERX1941435	7007
ERX1941442	7007
ERX3390646	7008
ERX3390647	7008
ERX3772318	7009
ERX3772319	7009
ERX3772320	7009
ERX3772321	7010
ERX3772322	7010
ERX3772323	7010
SRX357082	7011
SRX357083	7011
SRX357084	7011
SRX727243	7012
SRX727246	7012
SRX727244	7013
SRX727247	7013
SRX727245	7014
SRX727248	7014
SRX727249	7015
SRX727250	7015
SRX727251	7015
SRX894004	7016
SRX894005	7016
SRX894006	7016
SRX893998	7017
SRX893999	7017
SRX894000	7017
SRX893995	7018
SRX893996	7018
SRX958306	7019
SRX958307	7019
SRX958308	7019
SRX958312	7020
SRX958313	7020
SRX958314	7020
SRX958318	7021
SRX958319	7021
SRX958320	7021
SRX958321	7022
SRX958322	7022
SRX958323	7022
SRX958309	7023
SRX958310	7023
SRX958311	7023
SRX958315	7024
SRX958316	7024
SRX958317	7024
SRX958324	7025
SRX958325	7025
SRX958326	7025
SRX1091379	7026
SRX1091380	7026
SRX1091377	7027
SRX1091378	7027
SRX1372110	7028
SRX1372111	7028
SRX1372108	7029
SRX1372109	7029
SRX1882555	7030
SRX1882556	7030
SRX1882557	7030
SRX1882558	7031
SRX1882559	7031
SRX1882560	7031
SRX1882561	7032
SRX1882562	7032
SRX1882563	7032
SRX1882564	7033
SRX1882565	7033
SRX1882566	7033
SRX1882567	7034
SRX1882568	7034
SRX1882569	7034
SRX2345942	7035
SRX2345943	7035
SRX2345940	7036
SRX2345941	7036
SRX2382017	7037
SRX2382024	7037
SRX2382027	7038
SRX2382029	7038
SRX2382021	7039
SRX2382028	7039
SRX2382023	7040
SRX2382217	7040
SRX2382218	7041
SRX2382219	7041
SRX2382019	7042
SRX2382213	7042
SRX2382214	7043
SRX2382215	7043
SRX2382020	7044
SRX2382216	7044
SRX2382033	7045
SRX2382220	7046
SRX2382222	7046
SRX2382030	7047
SRX2382031	7047
SRX2481054	7048
SRX2481057	7048
SRX2481053	7049
SRX2481056	7049
SRX2617827	7050
SRX2617828	7050
SRX2617829	7050
SRX2617830	7051
SRX2617831	7051
SRX2617832	7052
SRX2617833	7052
SRX2923393	7053
SRX2923394	7053
SRX2923397	7054
SRX2923398	7054
SRX2923395	7055
SRX2923396	7055
SRX2923400	7056
SRX2923401	7056
SRX2923404	7057
SRX2923405	7057
SRX2923402	7058
SRX2923403	7058
SRX3103185	7059
SRX3103187	7059
SRX3103189	7059
SRX3103184	7060
SRX3103186	7060
SRX3103188	7060
SRX3456101	7062
SRX3686761	7064
SRX3686762	7064
SRX3686763	7064
SRX3686764	7065
SRX3686765	7065
SRX3686766	7065
SRX3686767	7065
SRX3686768	7065
SRX3686769	7065
SRX3686788	7066
SRX3686789	7066
SRX3686790	7066
SRX3686791	7066
SRX3686792	7066
SRX3686743	7067
SRX3686744	7067
SRX3686745	7067
SRX3686770	7068
SRX3686771	7068
SRX3686772	7068
SRX3686796	7069
SRX3686749	7070
SRX3686750	7070
SRX3686751	7070
SRX3686776	7071
SRX3686777	7071
SRX3686778	7071
SRX3686800	7072
SRX3686801	7072
SRX3686755	7073
SRX3686756	7073
SRX3686757	7073
SRX3686782	7074
SRX3686783	7074
SRX3686784	7074
SRX3686807	7075
SRX3686808	7075
SRX3686809	7075
SRX3686797	7076
SRX3686798	7076
SRX3686799	7076
SRX3686785	7077
SRX3686786	7077
SRX3686787	7077
SRX3686746	7078
SRX3686747	7078
SRX3686748	7078
SRX3686773	7079
SRX3686774	7079
SRX3686775	7079
SRX3686752	7080
SRX3686753	7080
SRX3686754	7080
SRX3686779	7081
SRX3686780	7081
SRX3686781	7081
SRX3686805	7082
SRX3686806	7082
SRX3686758	7083
SRX3686759	7083
SRX3686760	7083
SRX3686810	7084
SRX3686811	7084
SRX3686812	7084
SRX3686813	7085
SRX3686815	7085
SRX3686816	7085
SRX3686823	7085
SRX3686824	7085
SRX3686825	7086
SRX3686826	7086
SRX3686827	7086
SRX3686828	7087
SRX3686829	7087
SRX3686830	7087
SRX3686817	7088
SRX3686818	7088
SRX3686819	7088
SRX3686820	7089
SRX3686821	7089
SRX3686822	7089
SRX3746748	7090
SRX3746749	7090
SRX3746750	7091
SRX3746751	7091
SRX3746752	7092
SRX3746753	7092
SRX3746754	7093
SRX3746755	7093
SRX3992216	7094
SRX3992217	7094
SRX3992214	7095
SRX3992215	7095
SRX3992220	7096
SRX3992221	7096
SRX3992218	7097
SRX3992219	7097
SRX3992200	7098
SRX3992201	7098
SRX3992198	7099
SRX3992199	7099
SRX3992202	7100
SRX3992203	7100
SRX3992204	7101
SRX3992205	7101
SRX3992206	7102
SRX3992207	7102
SRX3992208	7103
SRX3992209	7103
SRX3992212	7104
SRX3992213	7104
SRX3992210	7105
SRX3992211	7105
SRX3995806	7106
SRX3995807	7106
SRX3995808	7107
SRX3995809	7107
SRX3995804	7108
SRX3995805	7108
SRX4314263	7109
SRX4314265	7110
SRX4314266	7110
SRX4314267	7111
SRX4314268	7111
SRX4314274	7113
SRX4314275	7113
SRX4314276	7114
SRX4314278	7114
SRX4314279	7115
SRX4314281	7115
SRX4314282	7116
SRX4314283	7116
SRX4314284	7116
SRX4314288	7118
SRX4314291	7119
SRX4314293	7119
SRX4314297	7120
SRX4314298	7120
SRX4314299	7120
SRX4314300	7121
SRX4314301	7121
SRX4314302	7121
SRX4314303	7122
SRX4314304	7122
SRX4314305	7122
SRX4314309	7123
SRX4314311	7123
SRX4314314	7124
SRX4314316	7125
SRX4314317	7125
SRX4314318	7126
SRX4314319	7126
SRX4314320	7126
SRX4314330	7127
SRX4314331	7127
SRX4314332	7127
SRX4314327	7128
SRX4314328	7128
SRX4314333	7129
SRX4314334	7129
SRX4314335	7129
SRX4314336	7130
SRX4314337	7130
SRX4314338	7130
SRX4314339	7131
SRX4314340	7131
SRX4314341	7131
SRX4314613	7132
SRX4314614	7132
SRX4314615	7132
SRX4314622	7133
SRX4314623	7133
SRX4314624	7133
SRX4314631	7134
SRX4314632	7134
SRX4314633	7134
SRX4314610	7135
SRX4314611	7135
SRX4314612	7135
SRX4314619	7136
SRX4314620	7136
SRX4314621	7136
SRX4314628	7137
SRX4314629	7137
SRX4314630	7137
SRX4319039	7138
SRX4319040	7138
SRX4319041	7138
SRX4374121	7139
SRX4374122	7139
SRX4374123	7139
SRX4374124	7140
SRX4374125	7140
SRX4374126	7140
SRX4374127	7141
SRX4374128	7141
SRX4374129	7141
SRX4374130	7142
SRX4374131	7142
SRX4374132	7142
SRX4374133	7143
SRX4374134	7143
SRX4374135	7143
SRX4374136	7144
SRX4374137	7144
SRX4374138	7144
SRX4374912	7145
SRX4374913	7145
SRX4374910	7146
SRX4374911	7146
SRX4498224	7147
SRX4498226	7147
SRX4498228	7147
SRX4498230	7147
SRX4498216	7148
SRX4498218	7148
SRX4498220	7148
SRX4498222	7148
SRX4498225	7149
SRX4498227	7149
SRX4498229	7149
SRX4498231	7149
SRX4498217	7150
SRX4498219	7150
SRX4498221	7150
SRX4498223	7150
SRX4498320	7151
SRX4498322	7151
SRX4498308	7152
SRX4498310	7152
SRX4498312	7152
SRX4498314	7152
SRX4498317	7153
SRX4498319	7153
SRX4498309	7154
SRX4498311	7154
SRX4498313	7154
SRX4498315	7154
SRX4498334	7155
SRX4498335	7155
SRX4498337	7155
SRX4498326	7156
SRX4498328	7156
SRX4498330	7156
SRX4498333	7157
SRX4498336	7157
SRX4498325	7158
SRX4498327	7158
SRX4498329	7158
SRX4498331	7158
SRX4505473	7159
SRX4505482	7159
SRX4505484	7159
SRX4505486	7159
SRX4505474	7160
SRX4505476	7160
SRX4505478	7160
SRX4505480	7160
SRX4505483	7161
SRX4505485	7161
SRX4505487	7161
SRX4505488	7161
SRX4505475	7162
SRX4505477	7162
SRX4505479	7162
SRX4505481	7162
SRX4506083	7163
SRX4506085	7163
SRX4506087	7163
SRX4506089	7163
SRX4506075	7164
SRX4506077	7164
SRX4506079	7164
SRX4506081	7164
SRX4506084	7165
SRX4506086	7165
SRX4506088	7165
SRX4506090	7165
SRX4506076	7166
SRX4506078	7166
SRX4506080	7166
SRX4506082	7166
SRX4506278	7167
SRX4506280	7167
SRX4506282	7167
SRX4506284	7167
SRX4506271	7168
SRX4506273	7168
SRX4506274	7168
SRX4506276	7168
SRX4506279	7169
SRX4506281	7169
SRX4506283	7169
SRX4506285	7169
SRX4506272	7170
SRX4506275	7170
SRX4506277	7170
SRX4506350	7171
SRX4506352	7171
SRX4506354	7171
SRX4506344	7172
SRX4506346	7172
SRX4506348	7172
SRX4506351	7173
SRX4506353	7173
SRX4506355	7173
SRX4506345	7174
SRX4506347	7174
SRX4506349	7174
SRX4514120	7175
SRX4514122	7175
SRX4514124	7175
SRX4514126	7175
SRX4514112	7176
SRX4514114	7176
SRX4514116	7176
SRX4514118	7176
SRX4514121	7177
SRX4514123	7177
SRX4514125	7177
SRX4514127	7177
SRX4514113	7178
SRX4514115	7178
SRX4514117	7178
SRX4514119	7178
SRX4605773	7179
SRX4605774	7179
SRX4605771	7180
SRX4605772	7180
SRX4615568	7181
SRX4615569	7181
SRX4615570	7181
SRX4619047	7182
SRX4619048	7182
SRX4619049	7183
SRX4619050	7183
SRX4647134	7184
SRX4647135	7184
SRX4647136	7184
SRX4647137	7184
SRX4647138	7185
SRX4647139	7185
SRX4647140	7185
SRX4647141	7185
SRX4647126	7186
SRX4647127	7186
SRX4647128	7186
SRX4647129	7186
SRX4647131	7187
SRX4647132	7187
SRX4647133	7187
SRX4647123	7188
SRX4647124	7188
SRX4647125	7188
SRX4647145	7189
SRX4647146	7189
SRX4647147	7189
SRX4647142	7190
SRX4647143	7190
SRX4647144	7190
SRX4647152	7191
SRX4647153	7191
SRX4647154	7191
SRX4647155	7191
SRX4647148	7192
SRX4647149	7192
SRX4647150	7192
SRX4647151	7192
SRX4647489	7193
SRX4647490	7193
SRX4647491	7194
SRX4647492	7194
SRX4647495	7195
SRX4647496	7195
SRX4647499	7196
SRX4647500	7196
SRX4647497	7197
SRX4647498	7197
SRX4647493	7198
SRX4647494	7198
SRX5079919	7199
SRX5079920	7199
SRX5079921	7199
SRX5079928	7200
SRX5079929	7200
SRX5079930	7200
SRX5079922	7201
SRX5079923	7201
SRX5079924	7201
SRX5079925	7202
SRX5079926	7202
SRX5079927	7202
SRX5088611	7203
SRX5088612	7203
SRX5088616	7204
SRX5088613	7205
SRX6845149	7206
SRX6845150	7206
SRX6845151	7207
SRX6845152	7207
SRX6845145	7208
SRX6845146	7208
SRX6845147	7209
SRX6845148	7209
SRX6845141	7210
SRX6845142	7210
SRX6845143	7211
SRX6845144	7211
SRX5089844	7212
SRX5089845	7212
SRX5089858	7213
SRX5089859	7213
SRX5089860	7213
SRX5089855	7214
SRX5089856	7214
SRX5089857	7214
SRX5089852	7215
SRX5089853	7215
SRX5089854	7215
SRX5089869	7216
SRX5089870	7216
SRX5089871	7216
SRX5089866	7217
SRX5089867	7217
SRX5089868	7217
SRX5089849	7218
SRX5089850	7218
SRX5089851	7218
SRX5089846	7219
SRX5089847	7219
SRX5089848	7219
SRX5089864	7220
SRX5089865	7220
SRX5089861	7221
SRX5089862	7221
SRX5089863	7221
SRX5178871	7222
SRX5178872	7222
SRX5178868	7223
SRX5178869	7223
SRX5178870	7223
SRX5352227	7224
SRX5352228	7224
SRX5352229	7224
SRX5352230	7225
SRX5352231	7225
SRX5352232	7225
SRX5352221	7226
SRX5352222	7226
SRX5352223	7226
SRX5352224	7227
SRX5352225	7227
SRX5352226	7227
SRX5352218	7228
SRX5352219	7228
SRX5352220	7228
SRX5388954	7229
SRX5388955	7229
SRX5388956	7229
SRX5388957	7229
SRX5388958	7230
SRX5388959	7230
SRX5388960	7230
SRX5388961	7230
SRX5388962	7231
SRX5388963	7231
SRX5388964	7231
SRX5388965	7231
SRX5509427	7232
SRX5509428	7232
SRX5605045	7233
SRX5605048	7233
SRX5605051	7233
SRX5605049	7234
SRX5605059	7234
SRX5605060	7234
SRX6810002	7235
SRX6810003	7235
SRX6810004	7235
SRX6810005	7236
SRX6810006	7236
SRX6810007	7236
SRX6853286	7237
SRX6853287	7237
SRX6853288	7237
SRX6853283	7238
SRX6853284	7238
SRX6853285	7238
SRX6889336	7239
SRX6889337	7239
SRX6889338	7239
SRX6889333	7240
SRX6889334	7240
SRX6889335	7240
SRX6923924	7241
SRX6923925	7241
SRX6923922	7242
SRX6923923	7242
SRX6923938	7243
SRX6923939	7243
SRX6923936	7244
SRX6923937	7244
SRX7054189	7245
SRX7054190	7245
SRX7054191	7245
SRX7054192	7246
SRX7054193	7246
SRX7054194	7246
SRX7119388	7247
SRX7119389	7247
SRX7119390	7247
SRX7119385	7248
SRX7119386	7248
SRX7119387	7248
SRX8590644	7249
SRX8590653	7249
SRX8590650	7250
SRX8590652	7250
Rv_4X_AMK_MIC_T16_H2O_Set_A_R1_S11	7251
Rv_4X_AMK_MIC_T16_H2O_Set_A_R2_S12	7251
Rv_4X_AMK_MIC_T16_H2O_Set_B_R1_S29	7251
Rv_4X_AMK_MIC_T16_H2O_Set_B_R2_S30	7251
Rv_4X_BDQ_MIC_T16_DMSO_Set_A_R1_S13	7252
Rv_4X_BDQ_MIC_T16_DMSO_Set_A_R2_S14	7252
Rv_4X_BDQ_MIC_T16_DMSO_Set_B_R1_S31	7252
Rv_4X_BDQ_MIC_T16_DMSO_Set_B_R2_S32	7252
Rv_4X_CPF_MIC_T16_0_5M_NaOH_Set_A_R1_S15	7262
Rv_4X_CPF_MIC_T16_0_5M_NaOH_Set_A_R2_S16	7262
Rv_4X_CPF_MIC_T16_0_5M_NaOH_Set_B_R1_S33	7262
Rv_4X_CPF_MIC_T16_0_5M_NaOH_Set_B_R2_S34	7262
Rv_4X_LVF_MIC_T16_DMSO_Set_A_R1_S17	7287
Rv_4X_LVF_MIC_T16_DMSO_Set_A_R2_S18	7287
Rv_4X_LVF_MIC_T16_DMSO_Set_B_R1_S35	7287
Rv_4X_LVF_MIC_T16_DMSO_Set_B_R2_S36	7287
Rv_ND_T0_Set_A_R1_S1	7351
Rv_ND_T0_Set_A_R2_S2	7351
Rv_ND_T0_Set_B_R1_S19	7351
Rv_ND_T0_Set_B_R2_S20	7351
Rv_ND_T16_Set_A_0_5M_NaOH_R1_S7	7304
Rv_ND_T16_Set_A_0_5M_NaOH_R2_S8	7304
Rv_ND_T16_Set_A_DMSO_R1_S3	7265
Rv_ND_T16_Set_A_DMSO_R2_S4	7265
Rv_ND_T16_Set_A_H2O_R1_S5	7274
Rv_ND_T16_Set_A_H2O_R2_S6	7274
Rv_ND_T16_Set_B_0_5M_NaOH_R1_S25	7304
Rv_ND_T16_Set_B_0_5M_NaOH_R2_S26	7304
Rv_ND_T16_Set_B_DMSO_R1_S21	7265
Rv_ND_T16_Set_B_DMSO_R2_S22	7265
Rv_ND_T16_Set_B_H2O_R1_S23	7274
Rv_ND_T16_Set_B_H2O_R2_S24	7274
AP800_S12	7314
AP80_S13	7315
AR200_S10	7320
AR80_S11	7321
AUNT_S15	7354
AV80_S14	7358
BP800_S18	7314
BP80_S19	7315
BR200_S16	7320
BR80_S17	7321
BUNT_S21	7354
BV80_S20	7358
CP800_S24	7314
CP80_S25	7315
CR200_S22	7320
CR80_S23	7321
CUNT_S27	7354
CV80_S26	7358
L1_S2	7286
L2_S5	7286
L3_S8	7286
NCA_0_25R1_S31	7294
NCA_0_25R2_S32	7294
NCA_0_25R3_S33	7294
NCA_0_5R1_S34	7295
NCA_0_5R2_S35	7295
NCA_0_5R3_S36	7295
NCA_1R1_S37	7296
NCA_1R2_S38	7296
NCA_1R3_S39	7296
O1_S3	7305
O2_S6	7305
O3_S9	7305
U1_S1	7354
U2_S4	7354
U3_S7	7354
Untreat_R1_S28	7354
Untreat_R2_S29	7354
Untreat_R3_S30	7354
GSM4818888	7351
GSM4818889	7351
GSM4818890	7351
GSM4818894	7318
GSM4818895	7318
GSM4818899	7300
GSM4818900	7300
GSM4818901	7300
R7932.bam	7265
R7933.bam	7265
R7934_R.bam	7265
R7936.bam	7268
R7937.bam	7268
R7938.bam	7268
R7939.bam	7268
R7941.bam	7269
R7943.bam	7269
R7944.bam	7269
NCA_1H_R1_S4	7297
NCA_1H_R2_S5	7297
NCA_1H_R3_S6	7297
NCA_24H_R1_S22	7299
NCA_24H_R2_S23	7299
NCA_24H_R3_S24	7299
NCA_6H_R1_S13	7298
NCA_6H_R2_S14	7298
NCA_6H_R3_S15	7298
NTP_1H_R1_S7	7301
NTP_1H_R2_S8	7301
NTP_1H_R3_S9	7301
NTP_24H_R1_S25	7303
NTP_24H_R2_S26	7303
NTP_24H_R3_S27	7303
NTP_6H_R1_S16	7302
NTP_6H_R2_S17	7302
NTP_6H_R3_S18	7302
Rv_1H_R1_S1	7352
Rv_1H_R2_S2	7352
Rv_1H_R3_S3	7352
Rv_24H_R1_S19	7354
Rv_24H_R2_S20	7354
Rv_24H_R3_S21	7354
Rv_6H_R1_S10	7353
Rv_6H_R2_S11	7353
Rv_6H_R3_S12	7353
SEL16_7H9_GO_R1_S35	7328
SEL16_7H9_GO_R3_S37	7328
SEL32_7H9_GO_R1_S38	7329
SEL32_7H9_GO_R2_S39	7329
SEL32_7H9_GO_R3_S40	7329
SEL32_7H9_GOT_R1_S44	7334
SEL32_7H9_GOT_R2_S45	7334
SEL32_7H9_GOT_R3_S46	7334
SEL8_7H9_GO_R1_S32	7326
SEL8_7H9_GO_R2_S33	7326
SEL8_7H9_GO_R3_S34	7326
Untreated_7H9_GO_R1_S29	7354
Untreated_7H9_GO_R2_S30	7354
Untreated_7H9_GO_R3_S31	7354
Untreated_7H9_GOT_R1_S41	7349
Untreated_7H9_GOT_R2_S42	7349
Untreated_7H9_GOT_R3_S43	7349
Rv_T16_Set_B_R1	7354
Rv_T16_Set_B_R2	7354
H37Rv_0_02uM_MOX_T16_R2_S11_R1	7292
H37Rv_0_02uM_MOX_T16_R3_S12_R1	7292
H37Rv__005uM_MOX_T16_R1_S7_R1	7291
H37Rv__005uM_MOX_T16_R2_S8_R1	7291
H37Rv__005uM_MOX_T16_R3_S9_R1	7291
H37Rv_0_08uM_MOX_T16_R1_S13_R1	7293
H37Rv_0_08uM_MOX_T16_R2_S14_R1	7293
H37Rv_0_08uM_MOX_T16_R3_S15_R1	7293
H37Rv_0_2uM_CFZ_T16_R1_S16_R1	7257
H37Rv_0_2uM_CFZ_T16_R2_S17_R1	7257
H37Rv_0_2uM_CFZ_T16_R3_S18_R1	7257
H37Rv_0_2uM_PA824_T16_R1_S25_R1	7311
H37Rv_0_2uM_PA824_T16_R2_S26_R1	7311
H37Rv_0_2uM_PA824_T16_R3_S27_R1	7311
H37Rv_0_8uM_CFZ_T16_R1_S19_R1	7258
H37Rv_0_8uM_CFZ_T16_R2_S20_R1	7258
H37Rv_0_8uM_CFZ_T16_R3_S21_R1	7258
H37Rv_0_8uM_PA824_T16_R1_S28_R1	7312
H37Rv_0_8uM_PA824_T16_R2_S29_R1	7312
H37Rv_0_8uM_PA824_T16_R3_S30_R1	7312
H37Rv_3_2uM_CFZ_T16_R1_S22_R1	7259
H37Rv_3_2uM_CFZ_T16_R2_S23_R1	7259
H37Rv_3_2uM_CFZ_T16_R3_S24_R1	7259
H37Rv_3_2uM_PA824_T16_R1_S31_R1	7313
H37Rv_3_2uM_PA824_T16_R2_S32_R1	7313
H37Rv_3_2uM_PA824_T16_R3_S33_R1	7313
H37RvNDT0R1_S1_R1	7351
H37RvNDT0R2_S2_R1	7351
H37RvNDT0R3_S3_R1	7351
H37RvNDT16R1_S4_R1	7354
H37RvNDT16R2_S5_R1	7354
H37RvNDT16R3_S6_R1	7354
H37Rv_0_025ug_ml_RPE_T16_R1_S19	7324
H37Rv_0_025ug_ml_RPE_T16_R3_S21	7324
H37Rv_2mg_ml_PZA_T16_R1_S10	7316
H37Rv_2mg_ml_PZA_T16_R2_S11	7316
H37Rv_2mg_ml_PZA_T16_R3_S12	7316
H37Rv_5mg_ml_PZA_T16_R1_S7	7317
H37Rv_5mg_ml_PZA_T16_R2_S8	7317
H37Rv_5mg_ml_PZA_T16_R3_S9	7317
H37Rv_ND_PZA_T0_R1_S1	7351
H37Rv_ND_PZA_T0_R2_S2	7351
H37Rv_ND_PZA_T0_R3_S3	7351
H37Rv_ND_PZA_T16_R1_S4	7354
H37Rv_ND_PZA_T16_R2_S5	7354
H37Rv_ND_PZA_T16_R3_S6	7354
H37Rv_ND_RPE_T0_R1_S13	7351
H37Rv_ND_RPE_T0_R2_S14	7351
H37Rv_ND_RPE_T0_R3_S15	7351
H37Rv_ND_RPE_T16_R1_S16	7354
H37Rv_ND_RPE_T16_R2_S17	7354
H37Rv_ND_RPE_T16_R3_S18	7354
CDC1551_INH_D1_OTB_drug_transcriptome_U_R2_S20_R1.fastq.gz	7275
CDC1551_INH_D1_OTB_drug_transcriptome_U_R3_S21_R1.fastq.gz	7275
CDC1551_INH_D8_OTB_drug_transcriptome_U_R1_S33_R1.fastq.gz	7276
CDC1551_INH_D8_OTB_drug_transcriptome_U_R2_S34_R1.fastq.gz	7276
CDC1551_INH_D8_OTB_drug_transcriptome_U_R3_S35_R1.fastq.gz	7276
H37Rv_INH_D8_OTB_drug_transcriptome_U_R1_S30_R1.fastq.gz	7276
H37Rv_INH_D8_OTB_drug_transcriptome_U_R2_S31_R1.fastq.gz	7276
H37Rv_INH_D8_OTB_drug_transcriptome_U_R3_S32_R1.fastq.gz	7276
HN878_INH_D1_OTB_drug_transcriptome_U_R1_S26_R1.fastq.gz	7275
HN878_INH_D1_OTB_drug_transcriptome_U_R2_S27_R1.fastq.gz	7275
HN878_INH_D1_OTB_drug_transcriptome_U_R3_S28_R1.fastq.gz	7275
SA161_IHN_D8_OTB_drug_transcriptome_U_R2_S36_R1.fastq.gz	7276
SA161_INH_D1_OTB_drug_transcriptome_U_R2_S23_R1.fastq.gz	7275
SG1_INH_D1_OTB_drug_transcriptome_U_R2_S29_R1.fastq.gz	7275
T46_INH_D1_OTB_drug_transcriptome_U_R2_S24_R1.fastq.gz	7275
T46_INH_D1_OTB_drug_transcriptome_U_R3_S25_R1.fastq.gz	7275
CDC1551_IHN_D1_OTB_drug_transcriptome_U_R1_S36_R1	7275
CDC1551_RIF_D1_OTB_drug_transcriptome_U_R1_S4_R1	7322
CDC1551_RIF_D1_OTB_drug_transcriptome_U_R2_S5_R1	7322
CDC1551_RIF_D1_OTB_drug_transcriptome_U_R3_S6_R1	7322
CDC1551_RIF_D8_OTB_drug_transcriptome_U_R1_S20_R1	7323
CDC1551_RIF_D8_OTB_drug_transcriptome_U_R2_S21_R1	7323
CDC1551_RIF_D8_OTB_drug_transcriptome_U_R3_S22_R1	7323
H37Rv_IHN_D1_OTB_drug_transcriptome_U_R1_S33_R1	7275
H37Rv_IHN_D1_OTB_drug_transcriptome_U_R2_S34_R1	7275
H37Rv_IHN_D1_OTB_drug_transcriptome_U_R3_S35_R1	7275
H37Rv_RIF_D1_OTB_drug_transcriptome_U_R1_S1_R1	7322
H37Rv_RIF_D1_OTB_drug_transcriptome_U_R2_S2_R1	7322
H37Rv_RIF_D1_OTB_drug_transcriptome_U_R3_S3_R1	7322
H37Rv_RIF_D8_OTB_drug_transcriptome_U_R1_S19_R1	7323
HN878_RIF_D1_OTB_drug_transcriptome_U_R1_S13_R1	7322
HN878_RIF_D1_OTB_drug_transcriptome_U_R2_S14_R1	7322
HN878_RIF_D1_OTB_drug_transcriptome_U_R3_S15_R1	7322
HN878_RIF_D8_OTB_drug_transcriptome_U_R1_S28_R1	7323
HN878_RIF_D8_OTB_drug_transcriptome_U_R3_S29_R1	7323
SA161_RIF_D1_OTB_drug_transcriptome_U_R1_S7_R1	7322
SA161_RIF_D1_OTB_drug_transcriptome_U_R2_S8_R1	7322
SA161_RIF_D8_OTB_drug_transcriptome_U_R1_S23_R1	7323
SA161_RIF_D8_OTB_drug_transcriptome_U_R2_S24_R1	7323
SA161_RIF_D8_OTB_drug_transcriptome_U_R3_S25_R1	7323
SG1_RIF_D1_OTB_drug_transcriptome_U_R1_S16_R1	7322
SG1_RIF_D1_OTB_drug_transcriptome_U_R2_S17_R1	7322
SG1_RIF_D1_OTB_drug_transcriptome_U_R3_S18_R1	7322
SG1_RIF_D8_OTB_drug_transcriptome_U_R1_S30_R1	7323
SG1_RIF_D8_OTB_drug_transcriptome_U_R2_S31_R1	7323
SG1_RIF_D8_OTB_drug_transcriptome_U_R3_S32_R1	7323
T46_RIF_D8_OTB_drug_transcriptome_U_R1_S26_R1	7323
T46_RIF_D8_OTB_drug_transcriptome_U_R2_S27_R1	7323
CDC1551_RIF_D0_OTB.Transcriptomics_U_R1	7351
CDC1552_RIF_D0_OTB.Transcriptomics_U_R2	7351
CDC1553_RIF_D0_OTB.Transcriptomics_U_R3	7351
H37Rv_RIF_D0_OTB.Transcriptomics_U_R1	7351
H37Rv_RIF_D0_OTB.Transcriptomics_U_R2	7351
H37Rv_RIF_D0_OTB.Transcriptomics_U_R3	7351
HN878_RIF_D0_OTB.Transcriptomics_U_R1	7351
HN878_RIF_D0_OTB.Transcriptomics_U_R2	7351
HN878_RIF_D0_OTB.Transcriptomics_U_R3	7351
SA161_RIF_D0_OTB.Transcriptomics_U_R1	7351
SA161_RIF_D0_OTB.Transcriptomics_U_R2	7351
SA161_RIF_D0_OTB.Transcriptomics_U_R3	7351
SG1_RIF_D0_OTB.Transcriptomics_U_R1	7351
SG1_RIF_D0_OTB.Transcriptomics_U_R2	7351
SG1_RIF_D0_OTB.Transcriptomics_U_R3	7351
T46x_RIF_D0_OTB.Transcriptomics_U_R1	7351
T46x_RIF_D0_OTB.Transcriptomics_U_R2	7351
T46x_RIF_D0_OTB.Transcriptomics_U_R3	7351
CDC1552_RIF_D1_OTB.Transcriptomics_U_R2	7322
CDC1553_RIF_D1_OTB.Transcriptomics_U_R3	7322
H37Rv_RIF_D1_OTB.Transcriptomics_U_R1	7322
H37Rv_RIF_D1_OTB.Transcriptomics_U_R2	7322
H37Rv_RIF_D1_OTB.Transcriptomics_U_R3	7322
HN878_RIF_D1_OTB.Transcriptomics_U_R1	7322
HN878_RIF_D1_OTB.Transcriptomics_U_R2	7322
HN878_RIF_D1_OTB.Transcriptomics_U_R3	7322
SA161_RIF_D1_OTB.Transcriptomics_U_R1	7322
SA161_RIF_D1_OTB.Transcriptomics_U_R2	7322
SA161_RIF_D1_OTB.Transcriptomics_U_R3	7322
SG1_RIF_D1_OTB.Transcriptomics_U_R1	7322
SG1_RIF_D1_OTB.Transcriptomics_U_R2	7322
SG1_RIF_D1_OTB.Transcriptomics_U_R3	7322
T46x_RIF_D1_OTB.Transcriptomics_U_R1	7322
T46x_RIF_D1_OTB.Transcriptomics_U_R2	7322
T46x_RIF_D1_OTB.Transcriptomics_U_R3	7322
NoDrug16_r1	7354
NoDrug16_r3	7354
NoDrug16_r4	7354
NoDrug48_r1	7355
NoDrug48_r2	7355
NoDrug48_r4	7355
SEL16_r2	7327
SEL16_r3	7327
SEL16_r4	7327
SEL48_r1	7330
SEL48_r2	7330
SEL48_r3	7330
EMB16_r1	7271
EMB16_r2	7271
EMB16_r3	7271
EMB48_r1	7272
EMB48_r2	7272
EMB48_r4	7272
BTZ16_r2	7253
BTZ16_r3	7253
BTZ16_r4	7253
BTZ48_r1	7254
BTZ48_r2	7254
BTZ48_r3	7254
SEL.EMB48_r1	7332
SEL.EMB48_r3	7332
SEL.EMB48_r4	7332
SEL.BTZ48_r1	7331
SEL.BTZ48_r2	7331
SEL.BTZ48_r3	7331
EMB.BTZ48_r1	7273
EMB.BTZ48_r2	7273
EMB.BTZ48_r3	7273
Triple48_r1	7333
Triple48_r2	7333
Triple48_r4	7333
A17_PulledDown_S6	7325
B11_PulledDown_S7	7325
B12_PulledDown_S8	7325
B13_PulledDown_S9	7325
B15_PulledDown_S10	7325
B16_PulledDown_S11	7325
HN878_broth_R1_S1	7354
HN878_broth_R2_S2	7354
HN878_broth_R3_S3	7354
HN878_mimic_D14_R1_S7	7281
HN878_mimic_D14_R2_S8	7281
HN878_mimic_D14_R3_S9	7281
HN878_mimic_D28_R1_S10	7282
HN878_mimic_D28_R2_S11	7282
HN878_mimic_D42_R1_S12	7283
HN878_mimic_D42_R2_S13	7283
HN878_mimic_D42_R3_S14	7283
HN878_mimic_D7_R2_S5	7280
HN878_mimic_D7_R3_S6	7280
HN878_R1_1Probe	7354
HN878_R2_1Probe	7354
iMTB_0_S31	7277
iMTB_28_S19	7278
iMTB_42_S20	7279
KA_2_S12	7350
KA_3_S13	7350
LLL_Cav_L2_20mm_18_S24	7325
LLL_Cav_L2_20mm_21_S25	7325
LUL_Cav_L1_15mm_12_S22	7325
LUL_Cav_L1_15_S14	7325
R002_12_S4	7325
R002_14_S5	7325
R002_3_S1	7325
R002_7_S2	7325
R002_9_S3	7325
R006_11_S8	7325
R006_13_S9	7325
R006_17_S10	7325
R006_19_S11	7325
R006_7_S6	7325
R006_9_S7	7325
R011_L41_22_S23	7325
R011_L5_18_S21	7325
R011_L5_19_S22	7325
R011_R3_25_S24	7325
R011_R4_31_S28	7325
RLL_Cav_Cluster_R4_13mm_23_S26	7325
RLL_Cav_R3_18mm_X_15mm_16_S23	7325
RLL_Cav_R3_28_S15	7325
RUL_Cav_R1_30mm_X_22mm_26_S27	7325
RUL_Cav_R2_18mm_X_12mm_27_S28	7325
RUL_Cav_R2_18mm_X_12mm_8_S21	7325
Stearic_acid_0_S29	7342
Stearic_acid_14_S30	7343
Stearic_acid_28_S16	7344
Stearic_acid_42_S17	7345
Rv_T0_Set_A_1__R1__S22	7351
Rv_T0_Set_A_1__R2_S23	7351
Rv_T0_Set_A_1__R3_S24	7351
Rv_T0_Set_A_2__R1__S31	7351
Rv_T0_Set_A_2__R2_S32	7351
Rv_T0_Set_B_1_R1__S45	7351
Rv_T0_Set_B_1_R2_S46	7351
Rv_T16_Set_A_1__R1__S25	7354
Rv_T16_Set_A_1__R2_S26	7354
Rv_T16_Set_A_1__R3_S27	7354
Rv_T16_Set_A_2__R1__S33	7354
Rv_T16_Set_A_2__R2_S34	7354
Rv_T16_Set_B_1_R1__S47	7354
Rv_T16_Set_B_1_R2_S48	7354
CTL_1	7355
CTL_2	7355
CTL_3	7355
INH_1	7356
INH_2	7356
INH_3	7356
INH_BDQ_1	7357
INH_BDQ_2	7357
INH_BDQ_3	7357
INH_ROT_1	7358
INH_ROT_2	7358
INH_ROT_3	7358
INH_CFZ_1	7359
INH_CFZ_2	7359
INH_CFZ_3	7359
INH_Q203_1	7360
INH_Q203_2	7360
INH_Q203_3	7360
H37Rv_UT_1	7361
H37Rv_UT_2	7361
H37Rv_UT_3	7361
H37Rv_BDQ_1	7362
H37Rv_BDQ_2	7362
H37Rv_BDQ_3	7362
dKatG_UT_1	7363
dKatG_UT_2	7363
dKatG_UT_3	7363
dKatG_BDQ_1	7364
dKatG_BDQ_2	7364
dKatG_BDQ_3	7364
